//! Auto-generated Unicode case fold data. Do not edit.
//! Generated from the Unicode 18.0.0 UCD (see unicode_data.toml).
//! by scripts/gen_unicode_tables.py

#![allow(dead_code)]

pub const FOLDS1_NORMAL_END_INDEX: usize = 4440;
pub const FOLDS1_END_INDEX: usize = 4443;
pub const FOLDS2_NORMAL_END_INDEX: usize = 262;
pub const FOLDS2_END_INDEX: usize = 266;
pub const FOLDS3_NORMAL_END_INDEX: usize = 72;
pub const FOLDS3_END_INDEX: usize = 72;

pub static UNICODE_FOLDS1: [u32; 4443] = [
    0x000061, 0x000001, 0x000041, 0x000062, 0x000001, 0x000042, 0x000063, 0x000001, 0x000043,
    0x000064, 0x000001, 0x000044, 0x000065, 0x000001, 0x000045, 0x000066, 0x000001, 0x000046,
    0x000067, 0x000001, 0x000047, 0x000068, 0x000001, 0x000048, 0x00006a, 0x000001, 0x00004a,
    0x00006b, 0x000002, 0x00004b, 0x00212a, 0x00006c, 0x000001, 0x00004c, 0x00006d, 0x000001,
    0x00004d, 0x00006e, 0x000001, 0x00004e, 0x00006f, 0x000001, 0x00004f, 0x000070, 0x000001,
    0x000050, 0x000071, 0x000001, 0x000051, 0x000072, 0x000001, 0x000052, 0x000073, 0x000002,
    0x000053, 0x00017f, 0x000074, 0x000001, 0x000054, 0x000075, 0x000001, 0x000055, 0x000076,
    0x000001, 0x000056, 0x000077, 0x000001, 0x000057, 0x000078, 0x000001, 0x000058, 0x000079,
    0x000001, 0x000059, 0x00007a, 0x000001, 0x00005a, 0x0000e0, 0x000001, 0x0000c0, 0x0000e1,
    0x000001, 0x0000c1, 0x0000e2, 0x000001, 0x0000c2, 0x0000e3, 0x000001, 0x0000c3, 0x0000e4,
    0x000001, 0x0000c4, 0x0000e5, 0x000002, 0x0000c5, 0x00212b, 0x0000e6, 0x000001, 0x0000c6,
    0x0000e7, 0x000001, 0x0000c7, 0x0000e8, 0x000001, 0x0000c8, 0x0000e9, 0x000001, 0x0000c9,
    0x0000ea, 0x000001, 0x0000ca, 0x0000eb, 0x000001, 0x0000cb, 0x0000ec, 0x000001, 0x0000cc,
    0x0000ed, 0x000001, 0x0000cd, 0x0000ee, 0x000001, 0x0000ce, 0x0000ef, 0x000001, 0x0000cf,
    0x0000f0, 0x000001, 0x0000d0, 0x0000f1, 0x000001, 0x0000d1, 0x0000f2, 0x000001, 0x0000d2,
    0x0000f3, 0x000001, 0x0000d3, 0x0000f4, 0x000001, 0x0000d4, 0x0000f5, 0x000001, 0x0000d5,
    0x0000f6, 0x000001, 0x0000d6, 0x0000f8, 0x000001, 0x0000d8, 0x0000f9, 0x000001, 0x0000d9,
    0x0000fa, 0x000001, 0x0000da, 0x0000fb, 0x000001, 0x0000db, 0x0000fc, 0x000001, 0x0000dc,
    0x0000fd, 0x000001, 0x0000dd, 0x0000fe, 0x000001, 0x0000de, 0x0000ff, 0x000001, 0x000178,
    0x000101, 0x000001, 0x000100, 0x000103, 0x000001, 0x000102, 0x000105, 0x000001, 0x000104,
    0x000107, 0x000001, 0x000106, 0x000109, 0x000001, 0x000108, 0x00010b, 0x000001, 0x00010a,
    0x00010d, 0x000001, 0x00010c, 0x00010f, 0x000001, 0x00010e, 0x000111, 0x000001, 0x000110,
    0x000113, 0x000001, 0x000112, 0x000115, 0x000001, 0x000114, 0x000117, 0x000001, 0x000116,
    0x000119, 0x000001, 0x000118, 0x00011b, 0x000001, 0x00011a, 0x00011d, 0x000001, 0x00011c,
    0x00011f, 0x000001, 0x00011e, 0x000121, 0x000001, 0x000120, 0x000123, 0x000001, 0x000122,
    0x000125, 0x000001, 0x000124, 0x000127, 0x000001, 0x000126, 0x000129, 0x000001, 0x000128,
    0x00012b, 0x000001, 0x00012a, 0x00012d, 0x000001, 0x00012c, 0x00012f, 0x000001, 0x00012e,
    0x000133, 0x000001, 0x000132, 0x000135, 0x000001, 0x000134, 0x000137, 0x000001, 0x000136,
    0x00013a, 0x000001, 0x000139, 0x00013c, 0x000001, 0x00013b, 0x00013e, 0x000001, 0x00013d,
    0x000140, 0x000001, 0x00013f, 0x000142, 0x000001, 0x000141, 0x000144, 0x000001, 0x000143,
    0x000146, 0x000001, 0x000145, 0x000148, 0x000001, 0x000147, 0x00014b, 0x000001, 0x00014a,
    0x00014d, 0x000001, 0x00014c, 0x00014f, 0x000001, 0x00014e, 0x000151, 0x000001, 0x000150,
    0x000153, 0x000001, 0x000152, 0x000155, 0x000001, 0x000154, 0x000157, 0x000001, 0x000156,
    0x000159, 0x000001, 0x000158, 0x00015b, 0x000001, 0x00015a, 0x00015d, 0x000001, 0x00015c,
    0x00015f, 0x000001, 0x00015e, 0x000161, 0x000001, 0x000160, 0x000163, 0x000001, 0x000162,
    0x000165, 0x000001, 0x000164, 0x000167, 0x000001, 0x000166, 0x000169, 0x000001, 0x000168,
    0x00016b, 0x000001, 0x00016a, 0x00016d, 0x000001, 0x00016c, 0x00016f, 0x000001, 0x00016e,
    0x000171, 0x000001, 0x000170, 0x000173, 0x000001, 0x000172, 0x000175, 0x000001, 0x000174,
    0x000177, 0x000001, 0x000176, 0x00017a, 0x000001, 0x000179, 0x00017c, 0x000001, 0x00017b,
    0x00017e, 0x000001, 0x00017d, 0x000180, 0x000001, 0x000243, 0x000183, 0x000001, 0x000182,
    0x000185, 0x000001, 0x000184, 0x000188, 0x000001, 0x000187, 0x00018c, 0x000001, 0x00018b,
    0x000192, 0x000001, 0x000191, 0x000195, 0x000001, 0x0001f6, 0x000199, 0x000001, 0x000198,
    0x00019a, 0x000001, 0x00023d, 0x00019b, 0x000001, 0x00a7dc, 0x00019e, 0x000001, 0x000220,
    0x0001a1, 0x000001, 0x0001a0, 0x0001a3, 0x000001, 0x0001a2, 0x0001a5, 0x000001, 0x0001a4,
    0x0001a8, 0x000001, 0x0001a7, 0x0001ad, 0x000001, 0x0001ac, 0x0001b0, 0x000001, 0x0001af,
    0x0001b4, 0x000001, 0x0001b3, 0x0001b6, 0x000001, 0x0001b5, 0x0001b9, 0x000001, 0x0001b8,
    0x0001bd, 0x000001, 0x0001bc, 0x0001bf, 0x000001, 0x0001f7, 0x0001c6, 0x000002, 0x0001c4,
    0x0001c5, 0x0001c9, 0x000002, 0x0001c7, 0x0001c8, 0x0001cc, 0x000002, 0x0001ca, 0x0001cb,
    0x0001ce, 0x000001, 0x0001cd, 0x0001d0, 0x000001, 0x0001cf, 0x0001d2, 0x000001, 0x0001d1,
    0x0001d4, 0x000001, 0x0001d3, 0x0001d6, 0x000001, 0x0001d5, 0x0001d8, 0x000001, 0x0001d7,
    0x0001da, 0x000001, 0x0001d9, 0x0001dc, 0x000001, 0x0001db, 0x0001dd, 0x000001, 0x00018e,
    0x0001df, 0x000001, 0x0001de, 0x0001e1, 0x000001, 0x0001e0, 0x0001e3, 0x000001, 0x0001e2,
    0x0001e5, 0x000001, 0x0001e4, 0x0001e7, 0x000001, 0x0001e6, 0x0001e9, 0x000001, 0x0001e8,
    0x0001eb, 0x000001, 0x0001ea, 0x0001ed, 0x000001, 0x0001ec, 0x0001ef, 0x000001, 0x0001ee,
    0x0001f3, 0x000002, 0x0001f1, 0x0001f2, 0x0001f5, 0x000001, 0x0001f4, 0x0001f9, 0x000001,
    0x0001f8, 0x0001fb, 0x000001, 0x0001fa, 0x0001fd, 0x000001, 0x0001fc, 0x0001ff, 0x000001,
    0x0001fe, 0x000201, 0x000001, 0x000200, 0x000203, 0x000001, 0x000202, 0x000205, 0x000001,
    0x000204, 0x000207, 0x000001, 0x000206, 0x000209, 0x000001, 0x000208, 0x00020b, 0x000001,
    0x00020a, 0x00020d, 0x000001, 0x00020c, 0x00020f, 0x000001, 0x00020e, 0x000211, 0x000001,
    0x000210, 0x000213, 0x000001, 0x000212, 0x000215, 0x000001, 0x000214, 0x000217, 0x000001,
    0x000216, 0x000219, 0x000001, 0x000218, 0x00021b, 0x000001, 0x00021a, 0x00021d, 0x000001,
    0x00021c, 0x00021f, 0x000001, 0x00021e, 0x000223, 0x000001, 0x000222, 0x000225, 0x000001,
    0x000224, 0x000227, 0x000001, 0x000226, 0x000229, 0x000001, 0x000228, 0x00022b, 0x000001,
    0x00022a, 0x00022d, 0x000001, 0x00022c, 0x00022f, 0x000001, 0x00022e, 0x000231, 0x000001,
    0x000230, 0x000233, 0x000001, 0x000232, 0x00023c, 0x000001, 0x00023b, 0x00023f, 0x000001,
    0x002c7e, 0x000240, 0x000001, 0x002c7f, 0x000242, 0x000001, 0x000241, 0x000247, 0x000001,
    0x000246, 0x000249, 0x000001, 0x000248, 0x00024b, 0x000001, 0x00024a, 0x00024d, 0x000001,
    0x00024c, 0x00024f, 0x000001, 0x00024e, 0x000250, 0x000001, 0x002c6f, 0x000251, 0x000001,
    0x002c6d, 0x000252, 0x000001, 0x002c70, 0x000253, 0x000001, 0x000181, 0x000254, 0x000001,
    0x000186, 0x000256, 0x000001, 0x000189, 0x000257, 0x000001, 0x00018a, 0x000259, 0x000001,
    0x00018f, 0x00025b, 0x000001, 0x000190, 0x00025c, 0x000001, 0x00a7ab, 0x000260, 0x000001,
    0x000193, 0x000261, 0x000001, 0x00a7ac, 0x000263, 0x000001, 0x000194, 0x000264, 0x000001,
    0x00a7cb, 0x000265, 0x000001, 0x00a78d, 0x000266, 0x000001, 0x00a7aa, 0x000268, 0x000001,
    0x000197, 0x000269, 0x000001, 0x000196, 0x00026a, 0x000001, 0x00a7ae, 0x00026b, 0x000001,
    0x002c62, 0x00026c, 0x000001, 0x00a7ad, 0x00026f, 0x000001, 0x00019c, 0x000271, 0x000001,
    0x002c6e, 0x000272, 0x000001, 0x00019d, 0x000275, 0x000001, 0x00019f, 0x000277, 0x000001,
    0x00a7dd, 0x00027c, 0x000001, 0x00a7e2, 0x00027d, 0x000001, 0x002c64, 0x000280, 0x000001,
    0x0001a6, 0x000282, 0x000001, 0x00a7c5, 0x000283, 0x000001, 0x0001a9, 0x000287, 0x000001,
    0x00a7b1, 0x000288, 0x000001, 0x0001ae, 0x000289, 0x000001, 0x000244, 0x00028a, 0x000001,
    0x0001b1, 0x00028b, 0x000001, 0x0001b2, 0x00028c, 0x000001, 0x000245, 0x000292, 0x000001,
    0x0001b7, 0x00029d, 0x000001, 0x00a7b2, 0x00029e, 0x000001, 0x00a7b0, 0x000371, 0x000001,
    0x000370, 0x000373, 0x000001, 0x000372, 0x000377, 0x000001, 0x000376, 0x00037b, 0x000001,
    0x0003fd, 0x00037c, 0x000001, 0x0003fe, 0x00037d, 0x000001, 0x0003ff, 0x0003ac, 0x000001,
    0x000386, 0x0003ad, 0x000001, 0x000388, 0x0003ae, 0x000001, 0x000389, 0x0003af, 0x000001,
    0x00038a, 0x0003b1, 0x000001, 0x000391, 0x0003b2, 0x000002, 0x000392, 0x0003d0, 0x0003b3,
    0x000001, 0x000393, 0x0003b4, 0x000001, 0x000394, 0x0003b5, 0x000002, 0x000395, 0x0003f5,
    0x0003b6, 0x000001, 0x000396, 0x0003b7, 0x000001, 0x000397, 0x0003b8, 0x000003, 0x000398,
    0x0003d1, 0x0003f4, 0x0003b9, 0x000003, 0x000345, 0x000399, 0x001fbe, 0x0003ba, 0x000002,
    0x00039a, 0x0003f0, 0x0003bb, 0x000001, 0x00039b, 0x0003bc, 0x000002, 0x0000b5, 0x00039c,
    0x0003bd, 0x000001, 0x00039d, 0x0003be, 0x000001, 0x00039e, 0x0003bf, 0x000001, 0x00039f,
    0x0003c0, 0x000002, 0x0003a0, 0x0003d6, 0x0003c1, 0x000002, 0x0003a1, 0x0003f1, 0x0003c3,
    0x000002, 0x0003a3, 0x0003c2, 0x0003c4, 0x000001, 0x0003a4, 0x0003c5, 0x000001, 0x0003a5,
    0x0003c6, 0x000002, 0x0003a6, 0x0003d5, 0x0003c7, 0x000001, 0x0003a7, 0x0003c8, 0x000001,
    0x0003a8, 0x0003c9, 0x000002, 0x0003a9, 0x002126, 0x0003ca, 0x000001, 0x0003aa, 0x0003cb,
    0x000001, 0x0003ab, 0x0003cc, 0x000001, 0x00038c, 0x0003cd, 0x000001, 0x00038e, 0x0003ce,
    0x000001, 0x00038f, 0x0003d7, 0x000001, 0x0003cf, 0x0003d9, 0x000001, 0x0003d8, 0x0003db,
    0x000001, 0x0003da, 0x0003dd, 0x000001, 0x0003dc, 0x0003df, 0x000001, 0x0003de, 0x0003e1,
    0x000001, 0x0003e0, 0x0003e3, 0x000001, 0x0003e2, 0x0003e5, 0x000001, 0x0003e4, 0x0003e7,
    0x000001, 0x0003e6, 0x0003e9, 0x000001, 0x0003e8, 0x0003eb, 0x000001, 0x0003ea, 0x0003ed,
    0x000001, 0x0003ec, 0x0003ef, 0x000001, 0x0003ee, 0x0003f2, 0x000001, 0x0003f9, 0x0003f3,
    0x000001, 0x00037f, 0x0003f8, 0x000001, 0x0003f7, 0x0003fb, 0x000001, 0x0003fa, 0x000430,
    0x000001, 0x000410, 0x000431, 0x000001, 0x000411, 0x000432, 0x000002, 0x000412, 0x001c80,
    0x000433, 0x000001, 0x000413, 0x000434, 0x000002, 0x000414, 0x001c81, 0x000435, 0x000001,
    0x000415, 0x000436, 0x000001, 0x000416, 0x000437, 0x000001, 0x000417, 0x000438, 0x000001,
    0x000418, 0x000439, 0x000001, 0x000419, 0x00043a, 0x000001, 0x00041a, 0x00043b, 0x000001,
    0x00041b, 0x00043c, 0x000001, 0x00041c, 0x00043d, 0x000001, 0x00041d, 0x00043e, 0x000002,
    0x00041e, 0x001c82, 0x00043f, 0x000001, 0x00041f, 0x000440, 0x000001, 0x000420, 0x000441,
    0x000002, 0x000421, 0x001c83, 0x000442, 0x000003, 0x000422, 0x001c84, 0x001c85, 0x000443,
    0x000001, 0x000423, 0x000444, 0x000001, 0x000424, 0x000445, 0x000001, 0x000425, 0x000446,
    0x000001, 0x000426, 0x000447, 0x000001, 0x000427, 0x000448, 0x000001, 0x000428, 0x000449,
    0x000001, 0x000429, 0x00044a, 0x000002, 0x00042a, 0x001c86, 0x00044b, 0x000001, 0x00042b,
    0x00044c, 0x000001, 0x00042c, 0x00044d, 0x000001, 0x00042d, 0x00044e, 0x000001, 0x00042e,
    0x00044f, 0x000001, 0x00042f, 0x000450, 0x000001, 0x000400, 0x000451, 0x000001, 0x000401,
    0x000452, 0x000001, 0x000402, 0x000453, 0x000001, 0x000403, 0x000454, 0x000001, 0x000404,
    0x000455, 0x000001, 0x000405, 0x000456, 0x000001, 0x000406, 0x000457, 0x000001, 0x000407,
    0x000458, 0x000001, 0x000408, 0x000459, 0x000001, 0x000409, 0x00045a, 0x000001, 0x00040a,
    0x00045b, 0x000001, 0x00040b, 0x00045c, 0x000001, 0x00040c, 0x00045d, 0x000001, 0x00040d,
    0x00045e, 0x000001, 0x00040e, 0x00045f, 0x000001, 0x00040f, 0x000461, 0x000001, 0x000460,
    0x000463, 0x000002, 0x000462, 0x001c87, 0x000465, 0x000001, 0x000464, 0x000467, 0x000001,
    0x000466, 0x000469, 0x000001, 0x000468, 0x00046b, 0x000001, 0x00046a, 0x00046d, 0x000001,
    0x00046c, 0x00046f, 0x000001, 0x00046e, 0x000471, 0x000001, 0x000470, 0x000473, 0x000001,
    0x000472, 0x000475, 0x000001, 0x000474, 0x000477, 0x000001, 0x000476, 0x000479, 0x000001,
    0x000478, 0x00047b, 0x000001, 0x00047a, 0x00047d, 0x000001, 0x00047c, 0x00047f, 0x000001,
    0x00047e, 0x000481, 0x000001, 0x000480, 0x00048b, 0x000001, 0x00048a, 0x00048d, 0x000001,
    0x00048c, 0x00048f, 0x000001, 0x00048e, 0x000491, 0x000001, 0x000490, 0x000493, 0x000001,
    0x000492, 0x000495, 0x000001, 0x000494, 0x000497, 0x000001, 0x000496, 0x000499, 0x000001,
    0x000498, 0x00049b, 0x000001, 0x00049a, 0x00049d, 0x000001, 0x00049c, 0x00049f, 0x000001,
    0x00049e, 0x0004a1, 0x000001, 0x0004a0, 0x0004a3, 0x000001, 0x0004a2, 0x0004a5, 0x000001,
    0x0004a4, 0x0004a7, 0x000001, 0x0004a6, 0x0004a9, 0x000001, 0x0004a8, 0x0004ab, 0x000001,
    0x0004aa, 0x0004ad, 0x000001, 0x0004ac, 0x0004af, 0x000001, 0x0004ae, 0x0004b1, 0x000001,
    0x0004b0, 0x0004b3, 0x000001, 0x0004b2, 0x0004b5, 0x000001, 0x0004b4, 0x0004b7, 0x000001,
    0x0004b6, 0x0004b9, 0x000001, 0x0004b8, 0x0004bb, 0x000001, 0x0004ba, 0x0004bd, 0x000001,
    0x0004bc, 0x0004bf, 0x000001, 0x0004be, 0x0004c2, 0x000001, 0x0004c1, 0x0004c4, 0x000001,
    0x0004c3, 0x0004c6, 0x000001, 0x0004c5, 0x0004c8, 0x000001, 0x0004c7, 0x0004ca, 0x000001,
    0x0004c9, 0x0004cc, 0x000001, 0x0004cb, 0x0004ce, 0x000001, 0x0004cd, 0x0004cf, 0x000001,
    0x0004c0, 0x0004d1, 0x000001, 0x0004d0, 0x0004d3, 0x000001, 0x0004d2, 0x0004d5, 0x000001,
    0x0004d4, 0x0004d7, 0x000001, 0x0004d6, 0x0004d9, 0x000001, 0x0004d8, 0x0004db, 0x000001,
    0x0004da, 0x0004dd, 0x000001, 0x0004dc, 0x0004df, 0x000001, 0x0004de, 0x0004e1, 0x000001,
    0x0004e0, 0x0004e3, 0x000001, 0x0004e2, 0x0004e5, 0x000001, 0x0004e4, 0x0004e7, 0x000001,
    0x0004e6, 0x0004e9, 0x000001, 0x0004e8, 0x0004eb, 0x000001, 0x0004ea, 0x0004ed, 0x000001,
    0x0004ec, 0x0004ef, 0x000001, 0x0004ee, 0x0004f1, 0x000001, 0x0004f0, 0x0004f3, 0x000001,
    0x0004f2, 0x0004f5, 0x000001, 0x0004f4, 0x0004f7, 0x000001, 0x0004f6, 0x0004f9, 0x000001,
    0x0004f8, 0x0004fb, 0x000001, 0x0004fa, 0x0004fd, 0x000001, 0x0004fc, 0x0004ff, 0x000001,
    0x0004fe, 0x000501, 0x000001, 0x000500, 0x000503, 0x000001, 0x000502, 0x000505, 0x000001,
    0x000504, 0x000507, 0x000001, 0x000506, 0x000509, 0x000001, 0x000508, 0x00050b, 0x000001,
    0x00050a, 0x00050d, 0x000001, 0x00050c, 0x00050f, 0x000001, 0x00050e, 0x000511, 0x000001,
    0x000510, 0x000513, 0x000001, 0x000512, 0x000515, 0x000001, 0x000514, 0x000517, 0x000001,
    0x000516, 0x000519, 0x000001, 0x000518, 0x00051b, 0x000001, 0x00051a, 0x00051d, 0x000001,
    0x00051c, 0x00051f, 0x000001, 0x00051e, 0x000521, 0x000001, 0x000520, 0x000523, 0x000001,
    0x000522, 0x000525, 0x000001, 0x000524, 0x000527, 0x000001, 0x000526, 0x000529, 0x000001,
    0x000528, 0x00052b, 0x000001, 0x00052a, 0x00052d, 0x000001, 0x00052c, 0x00052f, 0x000001,
    0x00052e, 0x000561, 0x000001, 0x000531, 0x000562, 0x000001, 0x000532, 0x000563, 0x000001,
    0x000533, 0x000564, 0x000001, 0x000534, 0x000565, 0x000001, 0x000535, 0x000566, 0x000001,
    0x000536, 0x000567, 0x000001, 0x000537, 0x000568, 0x000001, 0x000538, 0x000569, 0x000001,
    0x000539, 0x00056a, 0x000001, 0x00053a, 0x00056b, 0x000001, 0x00053b, 0x00056c, 0x000001,
    0x00053c, 0x00056d, 0x000001, 0x00053d, 0x00056e, 0x000001, 0x00053e, 0x00056f, 0x000001,
    0x00053f, 0x000570, 0x000001, 0x000540, 0x000571, 0x000001, 0x000541, 0x000572, 0x000001,
    0x000542, 0x000573, 0x000001, 0x000543, 0x000574, 0x000001, 0x000544, 0x000575, 0x000001,
    0x000545, 0x000576, 0x000001, 0x000546, 0x000577, 0x000001, 0x000547, 0x000578, 0x000001,
    0x000548, 0x000579, 0x000001, 0x000549, 0x00057a, 0x000001, 0x00054a, 0x00057b, 0x000001,
    0x00054b, 0x00057c, 0x000001, 0x00054c, 0x00057d, 0x000001, 0x00054d, 0x00057e, 0x000001,
    0x00054e, 0x00057f, 0x000001, 0x00054f, 0x000580, 0x000001, 0x000550, 0x000581, 0x000001,
    0x000551, 0x000582, 0x000001, 0x000552, 0x000583, 0x000001, 0x000553, 0x000584, 0x000001,
    0x000554, 0x000585, 0x000001, 0x000555, 0x000586, 0x000001, 0x000556, 0x0010d0, 0x000001,
    0x001c90, 0x0010d1, 0x000001, 0x001c91, 0x0010d2, 0x000001, 0x001c92, 0x0010d3, 0x000001,
    0x001c93, 0x0010d4, 0x000001, 0x001c94, 0x0010d5, 0x000001, 0x001c95, 0x0010d6, 0x000001,
    0x001c96, 0x0010d7, 0x000001, 0x001c97, 0x0010d8, 0x000001, 0x001c98, 0x0010d9, 0x000001,
    0x001c99, 0x0010da, 0x000001, 0x001c9a, 0x0010db, 0x000001, 0x001c9b, 0x0010dc, 0x000001,
    0x001c9c, 0x0010dd, 0x000001, 0x001c9d, 0x0010de, 0x000001, 0x001c9e, 0x0010df, 0x000001,
    0x001c9f, 0x0010e0, 0x000001, 0x001ca0, 0x0010e1, 0x000001, 0x001ca1, 0x0010e2, 0x000001,
    0x001ca2, 0x0010e3, 0x000001, 0x001ca3, 0x0010e4, 0x000001, 0x001ca4, 0x0010e5, 0x000001,
    0x001ca5, 0x0010e6, 0x000001, 0x001ca6, 0x0010e7, 0x000001, 0x001ca7, 0x0010e8, 0x000001,
    0x001ca8, 0x0010e9, 0x000001, 0x001ca9, 0x0010ea, 0x000001, 0x001caa, 0x0010eb, 0x000001,
    0x001cab, 0x0010ec, 0x000001, 0x001cac, 0x0010ed, 0x000001, 0x001cad, 0x0010ee, 0x000001,
    0x001cae, 0x0010ef, 0x000001, 0x001caf, 0x0010f0, 0x000001, 0x001cb0, 0x0010f1, 0x000001,
    0x001cb1, 0x0010f2, 0x000001, 0x001cb2, 0x0010f3, 0x000001, 0x001cb3, 0x0010f4, 0x000001,
    0x001cb4, 0x0010f5, 0x000001, 0x001cb5, 0x0010f6, 0x000001, 0x001cb6, 0x0010f7, 0x000001,
    0x001cb7, 0x0010f8, 0x000001, 0x001cb8, 0x0010f9, 0x000001, 0x001cb9, 0x0010fa, 0x000001,
    0x001cba, 0x0010fd, 0x000001, 0x001cbd, 0x0010fe, 0x000001, 0x001cbe, 0x0010ff, 0x000001,
    0x001cbf, 0x0013a0, 0x000001, 0x00ab70, 0x0013a1, 0x000001, 0x00ab71, 0x0013a2, 0x000001,
    0x00ab72, 0x0013a3, 0x000001, 0x00ab73, 0x0013a4, 0x000001, 0x00ab74, 0x0013a5, 0x000001,
    0x00ab75, 0x0013a6, 0x000001, 0x00ab76, 0x0013a7, 0x000001, 0x00ab77, 0x0013a8, 0x000001,
    0x00ab78, 0x0013a9, 0x000001, 0x00ab79, 0x0013aa, 0x000001, 0x00ab7a, 0x0013ab, 0x000001,
    0x00ab7b, 0x0013ac, 0x000001, 0x00ab7c, 0x0013ad, 0x000001, 0x00ab7d, 0x0013ae, 0x000001,
    0x00ab7e, 0x0013af, 0x000001, 0x00ab7f, 0x0013b0, 0x000001, 0x00ab80, 0x0013b1, 0x000001,
    0x00ab81, 0x0013b2, 0x000001, 0x00ab82, 0x0013b3, 0x000001, 0x00ab83, 0x0013b4, 0x000001,
    0x00ab84, 0x0013b5, 0x000001, 0x00ab85, 0x0013b6, 0x000001, 0x00ab86, 0x0013b7, 0x000001,
    0x00ab87, 0x0013b8, 0x000001, 0x00ab88, 0x0013b9, 0x000001, 0x00ab89, 0x0013ba, 0x000001,
    0x00ab8a, 0x0013bb, 0x000001, 0x00ab8b, 0x0013bc, 0x000001, 0x00ab8c, 0x0013bd, 0x000001,
    0x00ab8d, 0x0013be, 0x000001, 0x00ab8e, 0x0013bf, 0x000001, 0x00ab8f, 0x0013c0, 0x000001,
    0x00ab90, 0x0013c1, 0x000001, 0x00ab91, 0x0013c2, 0x000001, 0x00ab92, 0x0013c3, 0x000001,
    0x00ab93, 0x0013c4, 0x000001, 0x00ab94, 0x0013c5, 0x000001, 0x00ab95, 0x0013c6, 0x000001,
    0x00ab96, 0x0013c7, 0x000001, 0x00ab97, 0x0013c8, 0x000001, 0x00ab98, 0x0013c9, 0x000001,
    0x00ab99, 0x0013ca, 0x000001, 0x00ab9a, 0x0013cb, 0x000001, 0x00ab9b, 0x0013cc, 0x000001,
    0x00ab9c, 0x0013cd, 0x000001, 0x00ab9d, 0x0013ce, 0x000001, 0x00ab9e, 0x0013cf, 0x000001,
    0x00ab9f, 0x0013d0, 0x000001, 0x00aba0, 0x0013d1, 0x000001, 0x00aba1, 0x0013d2, 0x000001,
    0x00aba2, 0x0013d3, 0x000001, 0x00aba3, 0x0013d4, 0x000001, 0x00aba4, 0x0013d5, 0x000001,
    0x00aba5, 0x0013d6, 0x000001, 0x00aba6, 0x0013d7, 0x000001, 0x00aba7, 0x0013d8, 0x000001,
    0x00aba8, 0x0013d9, 0x000001, 0x00aba9, 0x0013da, 0x000001, 0x00abaa, 0x0013db, 0x000001,
    0x00abab, 0x0013dc, 0x000001, 0x00abac, 0x0013dd, 0x000001, 0x00abad, 0x0013de, 0x000001,
    0x00abae, 0x0013df, 0x000001, 0x00abaf, 0x0013e0, 0x000001, 0x00abb0, 0x0013e1, 0x000001,
    0x00abb1, 0x0013e2, 0x000001, 0x00abb2, 0x0013e3, 0x000001, 0x00abb3, 0x0013e4, 0x000001,
    0x00abb4, 0x0013e5, 0x000001, 0x00abb5, 0x0013e6, 0x000001, 0x00abb6, 0x0013e7, 0x000001,
    0x00abb7, 0x0013e8, 0x000001, 0x00abb8, 0x0013e9, 0x000001, 0x00abb9, 0x0013ea, 0x000001,
    0x00abba, 0x0013eb, 0x000001, 0x00abbb, 0x0013ec, 0x000001, 0x00abbc, 0x0013ed, 0x000001,
    0x00abbd, 0x0013ee, 0x000001, 0x00abbe, 0x0013ef, 0x000001, 0x00abbf, 0x0013f0, 0x000001,
    0x0013f8, 0x0013f1, 0x000001, 0x0013f9, 0x0013f2, 0x000001, 0x0013fa, 0x0013f3, 0x000001,
    0x0013fb, 0x0013f4, 0x000001, 0x0013fc, 0x0013f5, 0x000001, 0x0013fd, 0x001c8a, 0x000001,
    0x001c89, 0x001d79, 0x000001, 0x00a77d, 0x001d7d, 0x000001, 0x002c63, 0x001d8e, 0x000001,
    0x00a7c6, 0x001e01, 0x000001, 0x001e00, 0x001e03, 0x000001, 0x001e02, 0x001e05, 0x000001,
    0x001e04, 0x001e07, 0x000001, 0x001e06, 0x001e09, 0x000001, 0x001e08, 0x001e0b, 0x000001,
    0x001e0a, 0x001e0d, 0x000001, 0x001e0c, 0x001e0f, 0x000001, 0x001e0e, 0x001e11, 0x000001,
    0x001e10, 0x001e13, 0x000001, 0x001e12, 0x001e15, 0x000001, 0x001e14, 0x001e17, 0x000001,
    0x001e16, 0x001e19, 0x000001, 0x001e18, 0x001e1b, 0x000001, 0x001e1a, 0x001e1d, 0x000001,
    0x001e1c, 0x001e1f, 0x000001, 0x001e1e, 0x001e21, 0x000001, 0x001e20, 0x001e23, 0x000001,
    0x001e22, 0x001e25, 0x000001, 0x001e24, 0x001e27, 0x000001, 0x001e26, 0x001e29, 0x000001,
    0x001e28, 0x001e2b, 0x000001, 0x001e2a, 0x001e2d, 0x000001, 0x001e2c, 0x001e2f, 0x000001,
    0x001e2e, 0x001e31, 0x000001, 0x001e30, 0x001e33, 0x000001, 0x001e32, 0x001e35, 0x000001,
    0x001e34, 0x001e37, 0x000001, 0x001e36, 0x001e39, 0x000001, 0x001e38, 0x001e3b, 0x000001,
    0x001e3a, 0x001e3d, 0x000001, 0x001e3c, 0x001e3f, 0x000001, 0x001e3e, 0x001e41, 0x000001,
    0x001e40, 0x001e43, 0x000001, 0x001e42, 0x001e45, 0x000001, 0x001e44, 0x001e47, 0x000001,
    0x001e46, 0x001e49, 0x000001, 0x001e48, 0x001e4b, 0x000001, 0x001e4a, 0x001e4d, 0x000001,
    0x001e4c, 0x001e4f, 0x000001, 0x001e4e, 0x001e51, 0x000001, 0x001e50, 0x001e53, 0x000001,
    0x001e52, 0x001e55, 0x000001, 0x001e54, 0x001e57, 0x000001, 0x001e56, 0x001e59, 0x000001,
    0x001e58, 0x001e5b, 0x000001, 0x001e5a, 0x001e5d, 0x000001, 0x001e5c, 0x001e5f, 0x000001,
    0x001e5e, 0x001e61, 0x000002, 0x001e60, 0x001e9b, 0x001e63, 0x000001, 0x001e62, 0x001e65,
    0x000001, 0x001e64, 0x001e67, 0x000001, 0x001e66, 0x001e69, 0x000001, 0x001e68, 0x001e6b,
    0x000001, 0x001e6a, 0x001e6d, 0x000001, 0x001e6c, 0x001e6f, 0x000001, 0x001e6e, 0x001e71,
    0x000001, 0x001e70, 0x001e73, 0x000001, 0x001e72, 0x001e75, 0x000001, 0x001e74, 0x001e77,
    0x000001, 0x001e76, 0x001e79, 0x000001, 0x001e78, 0x001e7b, 0x000001, 0x001e7a, 0x001e7d,
    0x000001, 0x001e7c, 0x001e7f, 0x000001, 0x001e7e, 0x001e81, 0x000001, 0x001e80, 0x001e83,
    0x000001, 0x001e82, 0x001e85, 0x000001, 0x001e84, 0x001e87, 0x000001, 0x001e86, 0x001e89,
    0x000001, 0x001e88, 0x001e8b, 0x000001, 0x001e8a, 0x001e8d, 0x000001, 0x001e8c, 0x001e8f,
    0x000001, 0x001e8e, 0x001e91, 0x000001, 0x001e90, 0x001e93, 0x000001, 0x001e92, 0x001e95,
    0x000001, 0x001e94, 0x001ea1, 0x000001, 0x001ea0, 0x001ea3, 0x000001, 0x001ea2, 0x001ea5,
    0x000001, 0x001ea4, 0x001ea7, 0x000001, 0x001ea6, 0x001ea9, 0x000001, 0x001ea8, 0x001eab,
    0x000001, 0x001eaa, 0x001ead, 0x000001, 0x001eac, 0x001eaf, 0x000001, 0x001eae, 0x001eb1,
    0x000001, 0x001eb0, 0x001eb3, 0x000001, 0x001eb2, 0x001eb5, 0x000001, 0x001eb4, 0x001eb7,
    0x000001, 0x001eb6, 0x001eb9, 0x000001, 0x001eb8, 0x001ebb, 0x000001, 0x001eba, 0x001ebd,
    0x000001, 0x001ebc, 0x001ebf, 0x000001, 0x001ebe, 0x001ec1, 0x000001, 0x001ec0, 0x001ec3,
    0x000001, 0x001ec2, 0x001ec5, 0x000001, 0x001ec4, 0x001ec7, 0x000001, 0x001ec6, 0x001ec9,
    0x000001, 0x001ec8, 0x001ecb, 0x000001, 0x001eca, 0x001ecd, 0x000001, 0x001ecc, 0x001ecf,
    0x000001, 0x001ece, 0x001ed1, 0x000001, 0x001ed0, 0x001ed3, 0x000001, 0x001ed2, 0x001ed5,
    0x000001, 0x001ed4, 0x001ed7, 0x000001, 0x001ed6, 0x001ed9, 0x000001, 0x001ed8, 0x001edb,
    0x000001, 0x001eda, 0x001edd, 0x000001, 0x001edc, 0x001edf, 0x000001, 0x001ede, 0x001ee1,
    0x000001, 0x001ee0, 0x001ee3, 0x000001, 0x001ee2, 0x001ee5, 0x000001, 0x001ee4, 0x001ee7,
    0x000001, 0x001ee6, 0x001ee9, 0x000001, 0x001ee8, 0x001eeb, 0x000001, 0x001eea, 0x001eed,
    0x000001, 0x001eec, 0x001eef, 0x000001, 0x001eee, 0x001ef1, 0x000001, 0x001ef0, 0x001ef3,
    0x000001, 0x001ef2, 0x001ef5, 0x000001, 0x001ef4, 0x001ef7, 0x000001, 0x001ef6, 0x001ef9,
    0x000001, 0x001ef8, 0x001efb, 0x000001, 0x001efa, 0x001efd, 0x000001, 0x001efc, 0x001eff,
    0x000001, 0x001efe, 0x001f00, 0x000001, 0x001f08, 0x001f01, 0x000001, 0x001f09, 0x001f02,
    0x000001, 0x001f0a, 0x001f03, 0x000001, 0x001f0b, 0x001f04, 0x000001, 0x001f0c, 0x001f05,
    0x000001, 0x001f0d, 0x001f06, 0x000001, 0x001f0e, 0x001f07, 0x000001, 0x001f0f, 0x001f10,
    0x000001, 0x001f18, 0x001f11, 0x000001, 0x001f19, 0x001f12, 0x000001, 0x001f1a, 0x001f13,
    0x000001, 0x001f1b, 0x001f14, 0x000001, 0x001f1c, 0x001f15, 0x000001, 0x001f1d, 0x001f20,
    0x000001, 0x001f28, 0x001f21, 0x000001, 0x001f29, 0x001f22, 0x000001, 0x001f2a, 0x001f23,
    0x000001, 0x001f2b, 0x001f24, 0x000001, 0x001f2c, 0x001f25, 0x000001, 0x001f2d, 0x001f26,
    0x000001, 0x001f2e, 0x001f27, 0x000001, 0x001f2f, 0x001f30, 0x000001, 0x001f38, 0x001f31,
    0x000001, 0x001f39, 0x001f32, 0x000001, 0x001f3a, 0x001f33, 0x000001, 0x001f3b, 0x001f34,
    0x000001, 0x001f3c, 0x001f35, 0x000001, 0x001f3d, 0x001f36, 0x000001, 0x001f3e, 0x001f37,
    0x000001, 0x001f3f, 0x001f40, 0x000001, 0x001f48, 0x001f41, 0x000001, 0x001f49, 0x001f42,
    0x000001, 0x001f4a, 0x001f43, 0x000001, 0x001f4b, 0x001f44, 0x000001, 0x001f4c, 0x001f45,
    0x000001, 0x001f4d, 0x001f51, 0x000001, 0x001f59, 0x001f53, 0x000001, 0x001f5b, 0x001f55,
    0x000001, 0x001f5d, 0x001f57, 0x000001, 0x001f5f, 0x001f60, 0x000001, 0x001f68, 0x001f61,
    0x000001, 0x001f69, 0x001f62, 0x000001, 0x001f6a, 0x001f63, 0x000001, 0x001f6b, 0x001f64,
    0x000001, 0x001f6c, 0x001f65, 0x000001, 0x001f6d, 0x001f66, 0x000001, 0x001f6e, 0x001f67,
    0x000001, 0x001f6f, 0x001f70, 0x000001, 0x001fba, 0x001f71, 0x000001, 0x001fbb, 0x001f72,
    0x000001, 0x001fc8, 0x001f73, 0x000001, 0x001fc9, 0x001f74, 0x000001, 0x001fca, 0x001f75,
    0x000001, 0x001fcb, 0x001f76, 0x000001, 0x001fda, 0x001f77, 0x000001, 0x001fdb, 0x001f78,
    0x000001, 0x001ff8, 0x001f79, 0x000001, 0x001ff9, 0x001f7a, 0x000001, 0x001fea, 0x001f7b,
    0x000001, 0x001feb, 0x001f7c, 0x000001, 0x001ffa, 0x001f7d, 0x000001, 0x001ffb, 0x001fb0,
    0x000001, 0x001fb8, 0x001fb1, 0x000001, 0x001fb9, 0x001fd0, 0x000001, 0x001fd8, 0x001fd1,
    0x000001, 0x001fd9, 0x001fe0, 0x000001, 0x001fe8, 0x001fe1, 0x000001, 0x001fe9, 0x001fe5,
    0x000001, 0x001fec, 0x00214e, 0x000001, 0x002132, 0x002170, 0x000001, 0x002160, 0x002171,
    0x000001, 0x002161, 0x002172, 0x000001, 0x002162, 0x002173, 0x000001, 0x002163, 0x002174,
    0x000001, 0x002164, 0x002175, 0x000001, 0x002165, 0x002176, 0x000001, 0x002166, 0x002177,
    0x000001, 0x002167, 0x002178, 0x000001, 0x002168, 0x002179, 0x000001, 0x002169, 0x00217a,
    0x000001, 0x00216a, 0x00217b, 0x000001, 0x00216b, 0x00217c, 0x000001, 0x00216c, 0x00217d,
    0x000001, 0x00216d, 0x00217e, 0x000001, 0x00216e, 0x00217f, 0x000001, 0x00216f, 0x002184,
    0x000001, 0x002183, 0x0024d0, 0x000001, 0x0024b6, 0x0024d1, 0x000001, 0x0024b7, 0x0024d2,
    0x000001, 0x0024b8, 0x0024d3, 0x000001, 0x0024b9, 0x0024d4, 0x000001, 0x0024ba, 0x0024d5,
    0x000001, 0x0024bb, 0x0024d6, 0x000001, 0x0024bc, 0x0024d7, 0x000001, 0x0024bd, 0x0024d8,
    0x000001, 0x0024be, 0x0024d9, 0x000001, 0x0024bf, 0x0024da, 0x000001, 0x0024c0, 0x0024db,
    0x000001, 0x0024c1, 0x0024dc, 0x000001, 0x0024c2, 0x0024dd, 0x000001, 0x0024c3, 0x0024de,
    0x000001, 0x0024c4, 0x0024df, 0x000001, 0x0024c5, 0x0024e0, 0x000001, 0x0024c6, 0x0024e1,
    0x000001, 0x0024c7, 0x0024e2, 0x000001, 0x0024c8, 0x0024e3, 0x000001, 0x0024c9, 0x0024e4,
    0x000001, 0x0024ca, 0x0024e5, 0x000001, 0x0024cb, 0x0024e6, 0x000001, 0x0024cc, 0x0024e7,
    0x000001, 0x0024cd, 0x0024e8, 0x000001, 0x0024ce, 0x0024e9, 0x000001, 0x0024cf, 0x002c30,
    0x000001, 0x002c00, 0x002c31, 0x000001, 0x002c01, 0x002c32, 0x000001, 0x002c02, 0x002c33,
    0x000001, 0x002c03, 0x002c34, 0x000001, 0x002c04, 0x002c35, 0x000001, 0x002c05, 0x002c36,
    0x000001, 0x002c06, 0x002c37, 0x000001, 0x002c07, 0x002c38, 0x000001, 0x002c08, 0x002c39,
    0x000001, 0x002c09, 0x002c3a, 0x000001, 0x002c0a, 0x002c3b, 0x000001, 0x002c0b, 0x002c3c,
    0x000001, 0x002c0c, 0x002c3d, 0x000001, 0x002c0d, 0x002c3e, 0x000001, 0x002c0e, 0x002c3f,
    0x000001, 0x002c0f, 0x002c40, 0x000001, 0x002c10, 0x002c41, 0x000001, 0x002c11, 0x002c42,
    0x000001, 0x002c12, 0x002c43, 0x000001, 0x002c13, 0x002c44, 0x000001, 0x002c14, 0x002c45,
    0x000001, 0x002c15, 0x002c46, 0x000001, 0x002c16, 0x002c47, 0x000001, 0x002c17, 0x002c48,
    0x000001, 0x002c18, 0x002c49, 0x000001, 0x002c19, 0x002c4a, 0x000001, 0x002c1a, 0x002c4b,
    0x000001, 0x002c1b, 0x002c4c, 0x000001, 0x002c1c, 0x002c4d, 0x000001, 0x002c1d, 0x002c4e,
    0x000001, 0x002c1e, 0x002c4f, 0x000001, 0x002c1f, 0x002c50, 0x000001, 0x002c20, 0x002c51,
    0x000001, 0x002c21, 0x002c52, 0x000001, 0x002c22, 0x002c53, 0x000001, 0x002c23, 0x002c54,
    0x000001, 0x002c24, 0x002c55, 0x000001, 0x002c25, 0x002c56, 0x000001, 0x002c26, 0x002c57,
    0x000001, 0x002c27, 0x002c58, 0x000001, 0x002c28, 0x002c59, 0x000001, 0x002c29, 0x002c5a,
    0x000001, 0x002c2a, 0x002c5b, 0x000001, 0x002c2b, 0x002c5c, 0x000001, 0x002c2c, 0x002c5d,
    0x000001, 0x002c2d, 0x002c5e, 0x000001, 0x002c2e, 0x002c5f, 0x000001, 0x002c2f, 0x002c61,
    0x000001, 0x002c60, 0x002c65, 0x000001, 0x00023a, 0x002c66, 0x000001, 0x00023e, 0x002c68,
    0x000001, 0x002c67, 0x002c6a, 0x000001, 0x002c69, 0x002c6c, 0x000001, 0x002c6b, 0x002c73,
    0x000001, 0x002c72, 0x002c76, 0x000001, 0x002c75, 0x002c81, 0x000001, 0x002c80, 0x002c83,
    0x000001, 0x002c82, 0x002c85, 0x000001, 0x002c84, 0x002c87, 0x000001, 0x002c86, 0x002c89,
    0x000001, 0x002c88, 0x002c8b, 0x000001, 0x002c8a, 0x002c8d, 0x000001, 0x002c8c, 0x002c8f,
    0x000001, 0x002c8e, 0x002c91, 0x000001, 0x002c90, 0x002c93, 0x000001, 0x002c92, 0x002c95,
    0x000001, 0x002c94, 0x002c97, 0x000001, 0x002c96, 0x002c99, 0x000001, 0x002c98, 0x002c9b,
    0x000001, 0x002c9a, 0x002c9d, 0x000001, 0x002c9c, 0x002c9f, 0x000001, 0x002c9e, 0x002ca1,
    0x000001, 0x002ca0, 0x002ca3, 0x000001, 0x002ca2, 0x002ca5, 0x000001, 0x002ca4, 0x002ca7,
    0x000001, 0x002ca6, 0x002ca9, 0x000001, 0x002ca8, 0x002cab, 0x000001, 0x002caa, 0x002cad,
    0x000001, 0x002cac, 0x002caf, 0x000001, 0x002cae, 0x002cb1, 0x000001, 0x002cb0, 0x002cb3,
    0x000001, 0x002cb2, 0x002cb5, 0x000001, 0x002cb4, 0x002cb7, 0x000001, 0x002cb6, 0x002cb9,
    0x000001, 0x002cb8, 0x002cbb, 0x000001, 0x002cba, 0x002cbd, 0x000001, 0x002cbc, 0x002cbf,
    0x000001, 0x002cbe, 0x002cc1, 0x000001, 0x002cc0, 0x002cc3, 0x000001, 0x002cc2, 0x002cc5,
    0x000001, 0x002cc4, 0x002cc7, 0x000001, 0x002cc6, 0x002cc9, 0x000001, 0x002cc8, 0x002ccb,
    0x000001, 0x002cca, 0x002ccd, 0x000001, 0x002ccc, 0x002ccf, 0x000001, 0x002cce, 0x002cd1,
    0x000001, 0x002cd0, 0x002cd3, 0x000001, 0x002cd2, 0x002cd5, 0x000001, 0x002cd4, 0x002cd7,
    0x000001, 0x002cd6, 0x002cd9, 0x000001, 0x002cd8, 0x002cdb, 0x000001, 0x002cda, 0x002cdd,
    0x000001, 0x002cdc, 0x002cdf, 0x000001, 0x002cde, 0x002ce1, 0x000001, 0x002ce0, 0x002ce3,
    0x000001, 0x002ce2, 0x002cec, 0x000001, 0x002ceb, 0x002cee, 0x000001, 0x002ced, 0x002cf3,
    0x000001, 0x002cf2, 0x002d00, 0x000001, 0x0010a0, 0x002d01, 0x000001, 0x0010a1, 0x002d02,
    0x000001, 0x0010a2, 0x002d03, 0x000001, 0x0010a3, 0x002d04, 0x000001, 0x0010a4, 0x002d05,
    0x000001, 0x0010a5, 0x002d06, 0x000001, 0x0010a6, 0x002d07, 0x000001, 0x0010a7, 0x002d08,
    0x000001, 0x0010a8, 0x002d09, 0x000001, 0x0010a9, 0x002d0a, 0x000001, 0x0010aa, 0x002d0b,
    0x000001, 0x0010ab, 0x002d0c, 0x000001, 0x0010ac, 0x002d0d, 0x000001, 0x0010ad, 0x002d0e,
    0x000001, 0x0010ae, 0x002d0f, 0x000001, 0x0010af, 0x002d10, 0x000001, 0x0010b0, 0x002d11,
    0x000001, 0x0010b1, 0x002d12, 0x000001, 0x0010b2, 0x002d13, 0x000001, 0x0010b3, 0x002d14,
    0x000001, 0x0010b4, 0x002d15, 0x000001, 0x0010b5, 0x002d16, 0x000001, 0x0010b6, 0x002d17,
    0x000001, 0x0010b7, 0x002d18, 0x000001, 0x0010b8, 0x002d19, 0x000001, 0x0010b9, 0x002d1a,
    0x000001, 0x0010ba, 0x002d1b, 0x000001, 0x0010bb, 0x002d1c, 0x000001, 0x0010bc, 0x002d1d,
    0x000001, 0x0010bd, 0x002d1e, 0x000001, 0x0010be, 0x002d1f, 0x000001, 0x0010bf, 0x002d20,
    0x000001, 0x0010c0, 0x002d21, 0x000001, 0x0010c1, 0x002d22, 0x000001, 0x0010c2, 0x002d23,
    0x000001, 0x0010c3, 0x002d24, 0x000001, 0x0010c4, 0x002d25, 0x000001, 0x0010c5, 0x002d27,
    0x000001, 0x0010c7, 0x002d2d, 0x000001, 0x0010cd, 0x00a641, 0x000001, 0x00a640, 0x00a643,
    0x000001, 0x00a642, 0x00a645, 0x000001, 0x00a644, 0x00a647, 0x000001, 0x00a646, 0x00a649,
    0x000001, 0x00a648, 0x00a64b, 0x000002, 0x001c88, 0x00a64a, 0x00a64d, 0x000001, 0x00a64c,
    0x00a64f, 0x000001, 0x00a64e, 0x00a651, 0x000001, 0x00a650, 0x00a653, 0x000001, 0x00a652,
    0x00a655, 0x000001, 0x00a654, 0x00a657, 0x000001, 0x00a656, 0x00a659, 0x000001, 0x00a658,
    0x00a65b, 0x000001, 0x00a65a, 0x00a65d, 0x000001, 0x00a65c, 0x00a65f, 0x000001, 0x00a65e,
    0x00a661, 0x000001, 0x00a660, 0x00a663, 0x000001, 0x00a662, 0x00a665, 0x000001, 0x00a664,
    0x00a667, 0x000001, 0x00a666, 0x00a669, 0x000001, 0x00a668, 0x00a66b, 0x000001, 0x00a66a,
    0x00a66d, 0x000001, 0x00a66c, 0x00a681, 0x000001, 0x00a680, 0x00a683, 0x000001, 0x00a682,
    0x00a685, 0x000001, 0x00a684, 0x00a687, 0x000001, 0x00a686, 0x00a689, 0x000001, 0x00a688,
    0x00a68b, 0x000001, 0x00a68a, 0x00a68d, 0x000001, 0x00a68c, 0x00a68f, 0x000001, 0x00a68e,
    0x00a691, 0x000001, 0x00a690, 0x00a693, 0x000001, 0x00a692, 0x00a695, 0x000001, 0x00a694,
    0x00a697, 0x000001, 0x00a696, 0x00a699, 0x000001, 0x00a698, 0x00a69b, 0x000001, 0x00a69a,
    0x00a723, 0x000001, 0x00a722, 0x00a725, 0x000001, 0x00a724, 0x00a727, 0x000001, 0x00a726,
    0x00a729, 0x000001, 0x00a728, 0x00a72b, 0x000001, 0x00a72a, 0x00a72d, 0x000001, 0x00a72c,
    0x00a72f, 0x000001, 0x00a72e, 0x00a733, 0x000001, 0x00a732, 0x00a735, 0x000001, 0x00a734,
    0x00a737, 0x000001, 0x00a736, 0x00a739, 0x000001, 0x00a738, 0x00a73b, 0x000001, 0x00a73a,
    0x00a73d, 0x000001, 0x00a73c, 0x00a73f, 0x000001, 0x00a73e, 0x00a741, 0x000001, 0x00a740,
    0x00a743, 0x000001, 0x00a742, 0x00a745, 0x000001, 0x00a744, 0x00a747, 0x000001, 0x00a746,
    0x00a749, 0x000001, 0x00a748, 0x00a74b, 0x000001, 0x00a74a, 0x00a74d, 0x000001, 0x00a74c,
    0x00a74f, 0x000001, 0x00a74e, 0x00a751, 0x000001, 0x00a750, 0x00a753, 0x000001, 0x00a752,
    0x00a755, 0x000001, 0x00a754, 0x00a757, 0x000001, 0x00a756, 0x00a759, 0x000001, 0x00a758,
    0x00a75b, 0x000001, 0x00a75a, 0x00a75d, 0x000001, 0x00a75c, 0x00a75f, 0x000001, 0x00a75e,
    0x00a761, 0x000001, 0x00a760, 0x00a763, 0x000001, 0x00a762, 0x00a765, 0x000001, 0x00a764,
    0x00a767, 0x000001, 0x00a766, 0x00a769, 0x000001, 0x00a768, 0x00a76b, 0x000001, 0x00a76a,
    0x00a76d, 0x000001, 0x00a76c, 0x00a76f, 0x000001, 0x00a76e, 0x00a77a, 0x000001, 0x00a779,
    0x00a77c, 0x000001, 0x00a77b, 0x00a77f, 0x000001, 0x00a77e, 0x00a781, 0x000001, 0x00a780,
    0x00a783, 0x000001, 0x00a782, 0x00a785, 0x000001, 0x00a784, 0x00a787, 0x000001, 0x00a786,
    0x00a78c, 0x000001, 0x00a78b, 0x00a791, 0x000001, 0x00a790, 0x00a793, 0x000001, 0x00a792,
    0x00a794, 0x000001, 0x00a7c4, 0x00a797, 0x000001, 0x00a796, 0x00a799, 0x000001, 0x00a798,
    0x00a79b, 0x000001, 0x00a79a, 0x00a79d, 0x000001, 0x00a79c, 0x00a79f, 0x000001, 0x00a79e,
    0x00a7a1, 0x000001, 0x00a7a0, 0x00a7a3, 0x000001, 0x00a7a2, 0x00a7a5, 0x000001, 0x00a7a4,
    0x00a7a7, 0x000001, 0x00a7a6, 0x00a7a9, 0x000001, 0x00a7a8, 0x00a7b5, 0x000001, 0x00a7b4,
    0x00a7b7, 0x000001, 0x00a7b6, 0x00a7b9, 0x000001, 0x00a7b8, 0x00a7bb, 0x000001, 0x00a7ba,
    0x00a7bd, 0x000001, 0x00a7bc, 0x00a7bf, 0x000001, 0x00a7be, 0x00a7c1, 0x000001, 0x00a7c0,
    0x00a7c3, 0x000001, 0x00a7c2, 0x00a7c8, 0x000001, 0x00a7c7, 0x00a7ca, 0x000001, 0x00a7c9,
    0x00a7cd, 0x000001, 0x00a7cc, 0x00a7cf, 0x000001, 0x00a7ce, 0x00a7d1, 0x000001, 0x00a7d0,
    0x00a7d3, 0x000001, 0x00a7d2, 0x00a7d5, 0x000001, 0x00a7d4, 0x00a7d7, 0x000001, 0x00a7d6,
    0x00a7d9, 0x000001, 0x00a7d8, 0x00a7db, 0x000001, 0x00a7da, 0x00a7f6, 0x000001, 0x00a7f5,
    0x00ab4b, 0x000001, 0x00ab6c, 0x00ab4c, 0x000001, 0x00ab6d, 0x00ab53, 0x000001, 0x00a7b3,
    0x00ff41, 0x000001, 0x00ff21, 0x00ff42, 0x000001, 0x00ff22, 0x00ff43, 0x000001, 0x00ff23,
    0x00ff44, 0x000001, 0x00ff24, 0x00ff45, 0x000001, 0x00ff25, 0x00ff46, 0x000001, 0x00ff26,
    0x00ff47, 0x000001, 0x00ff27, 0x00ff48, 0x000001, 0x00ff28, 0x00ff49, 0x000001, 0x00ff29,
    0x00ff4a, 0x000001, 0x00ff2a, 0x00ff4b, 0x000001, 0x00ff2b, 0x00ff4c, 0x000001, 0x00ff2c,
    0x00ff4d, 0x000001, 0x00ff2d, 0x00ff4e, 0x000001, 0x00ff2e, 0x00ff4f, 0x000001, 0x00ff2f,
    0x00ff50, 0x000001, 0x00ff30, 0x00ff51, 0x000001, 0x00ff31, 0x00ff52, 0x000001, 0x00ff32,
    0x00ff53, 0x000001, 0x00ff33, 0x00ff54, 0x000001, 0x00ff34, 0x00ff55, 0x000001, 0x00ff35,
    0x00ff56, 0x000001, 0x00ff36, 0x00ff57, 0x000001, 0x00ff37, 0x00ff58, 0x000001, 0x00ff38,
    0x00ff59, 0x000001, 0x00ff39, 0x00ff5a, 0x000001, 0x00ff3a, 0x010428, 0x000001, 0x010400,
    0x010429, 0x000001, 0x010401, 0x01042a, 0x000001, 0x010402, 0x01042b, 0x000001, 0x010403,
    0x01042c, 0x000001, 0x010404, 0x01042d, 0x000001, 0x010405, 0x01042e, 0x000001, 0x010406,
    0x01042f, 0x000001, 0x010407, 0x010430, 0x000001, 0x010408, 0x010431, 0x000001, 0x010409,
    0x010432, 0x000001, 0x01040a, 0x010433, 0x000001, 0x01040b, 0x010434, 0x000001, 0x01040c,
    0x010435, 0x000001, 0x01040d, 0x010436, 0x000001, 0x01040e, 0x010437, 0x000001, 0x01040f,
    0x010438, 0x000001, 0x010410, 0x010439, 0x000001, 0x010411, 0x01043a, 0x000001, 0x010412,
    0x01043b, 0x000001, 0x010413, 0x01043c, 0x000001, 0x010414, 0x01043d, 0x000001, 0x010415,
    0x01043e, 0x000001, 0x010416, 0x01043f, 0x000001, 0x010417, 0x010440, 0x000001, 0x010418,
    0x010441, 0x000001, 0x010419, 0x010442, 0x000001, 0x01041a, 0x010443, 0x000001, 0x01041b,
    0x010444, 0x000001, 0x01041c, 0x010445, 0x000001, 0x01041d, 0x010446, 0x000001, 0x01041e,
    0x010447, 0x000001, 0x01041f, 0x010448, 0x000001, 0x010420, 0x010449, 0x000001, 0x010421,
    0x01044a, 0x000001, 0x010422, 0x01044b, 0x000001, 0x010423, 0x01044c, 0x000001, 0x010424,
    0x01044d, 0x000001, 0x010425, 0x01044e, 0x000001, 0x010426, 0x01044f, 0x000001, 0x010427,
    0x0104d8, 0x000001, 0x0104b0, 0x0104d9, 0x000001, 0x0104b1, 0x0104da, 0x000001, 0x0104b2,
    0x0104db, 0x000001, 0x0104b3, 0x0104dc, 0x000001, 0x0104b4, 0x0104dd, 0x000001, 0x0104b5,
    0x0104de, 0x000001, 0x0104b6, 0x0104df, 0x000001, 0x0104b7, 0x0104e0, 0x000001, 0x0104b8,
    0x0104e1, 0x000001, 0x0104b9, 0x0104e2, 0x000001, 0x0104ba, 0x0104e3, 0x000001, 0x0104bb,
    0x0104e4, 0x000001, 0x0104bc, 0x0104e5, 0x000001, 0x0104bd, 0x0104e6, 0x000001, 0x0104be,
    0x0104e7, 0x000001, 0x0104bf, 0x0104e8, 0x000001, 0x0104c0, 0x0104e9, 0x000001, 0x0104c1,
    0x0104ea, 0x000001, 0x0104c2, 0x0104eb, 0x000001, 0x0104c3, 0x0104ec, 0x000001, 0x0104c4,
    0x0104ed, 0x000001, 0x0104c5, 0x0104ee, 0x000001, 0x0104c6, 0x0104ef, 0x000001, 0x0104c7,
    0x0104f0, 0x000001, 0x0104c8, 0x0104f1, 0x000001, 0x0104c9, 0x0104f2, 0x000001, 0x0104ca,
    0x0104f3, 0x000001, 0x0104cb, 0x0104f4, 0x000001, 0x0104cc, 0x0104f5, 0x000001, 0x0104cd,
    0x0104f6, 0x000001, 0x0104ce, 0x0104f7, 0x000001, 0x0104cf, 0x0104f8, 0x000001, 0x0104d0,
    0x0104f9, 0x000001, 0x0104d1, 0x0104fa, 0x000001, 0x0104d2, 0x0104fb, 0x000001, 0x0104d3,
    0x010597, 0x000001, 0x010570, 0x010598, 0x000001, 0x010571, 0x010599, 0x000001, 0x010572,
    0x01059a, 0x000001, 0x010573, 0x01059b, 0x000001, 0x010574, 0x01059c, 0x000001, 0x010575,
    0x01059d, 0x000001, 0x010576, 0x01059e, 0x000001, 0x010577, 0x01059f, 0x000001, 0x010578,
    0x0105a0, 0x000001, 0x010579, 0x0105a1, 0x000001, 0x01057a, 0x0105a3, 0x000001, 0x01057c,
    0x0105a4, 0x000001, 0x01057d, 0x0105a5, 0x000001, 0x01057e, 0x0105a6, 0x000001, 0x01057f,
    0x0105a7, 0x000001, 0x010580, 0x0105a8, 0x000001, 0x010581, 0x0105a9, 0x000001, 0x010582,
    0x0105aa, 0x000001, 0x010583, 0x0105ab, 0x000001, 0x010584, 0x0105ac, 0x000001, 0x010585,
    0x0105ad, 0x000001, 0x010586, 0x0105ae, 0x000001, 0x010587, 0x0105af, 0x000001, 0x010588,
    0x0105b0, 0x000001, 0x010589, 0x0105b1, 0x000001, 0x01058a, 0x0105b3, 0x000001, 0x01058c,
    0x0105b4, 0x000001, 0x01058d, 0x0105b5, 0x000001, 0x01058e, 0x0105b6, 0x000001, 0x01058f,
    0x0105b7, 0x000001, 0x010590, 0x0105b8, 0x000001, 0x010591, 0x0105b9, 0x000001, 0x010592,
    0x0105bb, 0x000001, 0x010594, 0x0105bc, 0x000001, 0x010595, 0x010cc0, 0x000001, 0x010c80,
    0x010cc1, 0x000001, 0x010c81, 0x010cc2, 0x000001, 0x010c82, 0x010cc3, 0x000001, 0x010c83,
    0x010cc4, 0x000001, 0x010c84, 0x010cc5, 0x000001, 0x010c85, 0x010cc6, 0x000001, 0x010c86,
    0x010cc7, 0x000001, 0x010c87, 0x010cc8, 0x000001, 0x010c88, 0x010cc9, 0x000001, 0x010c89,
    0x010cca, 0x000001, 0x010c8a, 0x010ccb, 0x000001, 0x010c8b, 0x010ccc, 0x000001, 0x010c8c,
    0x010ccd, 0x000001, 0x010c8d, 0x010cce, 0x000001, 0x010c8e, 0x010ccf, 0x000001, 0x010c8f,
    0x010cd0, 0x000001, 0x010c90, 0x010cd1, 0x000001, 0x010c91, 0x010cd2, 0x000001, 0x010c92,
    0x010cd3, 0x000001, 0x010c93, 0x010cd4, 0x000001, 0x010c94, 0x010cd5, 0x000001, 0x010c95,
    0x010cd6, 0x000001, 0x010c96, 0x010cd7, 0x000001, 0x010c97, 0x010cd8, 0x000001, 0x010c98,
    0x010cd9, 0x000001, 0x010c99, 0x010cda, 0x000001, 0x010c9a, 0x010cdb, 0x000001, 0x010c9b,
    0x010cdc, 0x000001, 0x010c9c, 0x010cdd, 0x000001, 0x010c9d, 0x010cde, 0x000001, 0x010c9e,
    0x010cdf, 0x000001, 0x010c9f, 0x010ce0, 0x000001, 0x010ca0, 0x010ce1, 0x000001, 0x010ca1,
    0x010ce2, 0x000001, 0x010ca2, 0x010ce3, 0x000001, 0x010ca3, 0x010ce4, 0x000001, 0x010ca4,
    0x010ce5, 0x000001, 0x010ca5, 0x010ce6, 0x000001, 0x010ca6, 0x010ce7, 0x000001, 0x010ca7,
    0x010ce8, 0x000001, 0x010ca8, 0x010ce9, 0x000001, 0x010ca9, 0x010cea, 0x000001, 0x010caa,
    0x010ceb, 0x000001, 0x010cab, 0x010cec, 0x000001, 0x010cac, 0x010ced, 0x000001, 0x010cad,
    0x010cee, 0x000001, 0x010cae, 0x010cef, 0x000001, 0x010caf, 0x010cf0, 0x000001, 0x010cb0,
    0x010cf1, 0x000001, 0x010cb1, 0x010cf2, 0x000001, 0x010cb2, 0x010d70, 0x000001, 0x010d50,
    0x010d71, 0x000001, 0x010d51, 0x010d72, 0x000001, 0x010d52, 0x010d73, 0x000001, 0x010d53,
    0x010d74, 0x000001, 0x010d54, 0x010d75, 0x000001, 0x010d55, 0x010d76, 0x000001, 0x010d56,
    0x010d77, 0x000001, 0x010d57, 0x010d78, 0x000001, 0x010d58, 0x010d79, 0x000001, 0x010d59,
    0x010d7a, 0x000001, 0x010d5a, 0x010d7b, 0x000001, 0x010d5b, 0x010d7c, 0x000001, 0x010d5c,
    0x010d7d, 0x000001, 0x010d5d, 0x010d7e, 0x000001, 0x010d5e, 0x010d7f, 0x000001, 0x010d5f,
    0x010d80, 0x000001, 0x010d60, 0x010d81, 0x000001, 0x010d61, 0x010d82, 0x000001, 0x010d62,
    0x010d83, 0x000001, 0x010d63, 0x010d84, 0x000001, 0x010d64, 0x010d85, 0x000001, 0x010d65,
    0x0118c0, 0x000001, 0x0118a0, 0x0118c1, 0x000001, 0x0118a1, 0x0118c2, 0x000001, 0x0118a2,
    0x0118c3, 0x000001, 0x0118a3, 0x0118c4, 0x000001, 0x0118a4, 0x0118c5, 0x000001, 0x0118a5,
    0x0118c6, 0x000001, 0x0118a6, 0x0118c7, 0x000001, 0x0118a7, 0x0118c8, 0x000001, 0x0118a8,
    0x0118c9, 0x000001, 0x0118a9, 0x0118ca, 0x000001, 0x0118aa, 0x0118cb, 0x000001, 0x0118ab,
    0x0118cc, 0x000001, 0x0118ac, 0x0118cd, 0x000001, 0x0118ad, 0x0118ce, 0x000001, 0x0118ae,
    0x0118cf, 0x000001, 0x0118af, 0x0118d0, 0x000001, 0x0118b0, 0x0118d1, 0x000001, 0x0118b1,
    0x0118d2, 0x000001, 0x0118b2, 0x0118d3, 0x000001, 0x0118b3, 0x0118d4, 0x000001, 0x0118b4,
    0x0118d5, 0x000001, 0x0118b5, 0x0118d6, 0x000001, 0x0118b6, 0x0118d7, 0x000001, 0x0118b7,
    0x0118d8, 0x000001, 0x0118b8, 0x0118d9, 0x000001, 0x0118b9, 0x0118da, 0x000001, 0x0118ba,
    0x0118db, 0x000001, 0x0118bb, 0x0118dc, 0x000001, 0x0118bc, 0x0118dd, 0x000001, 0x0118bd,
    0x0118de, 0x000001, 0x0118be, 0x0118df, 0x000001, 0x0118bf, 0x016e60, 0x000001, 0x016e40,
    0x016e61, 0x000001, 0x016e41, 0x016e62, 0x000001, 0x016e42, 0x016e63, 0x000001, 0x016e43,
    0x016e64, 0x000001, 0x016e44, 0x016e65, 0x000001, 0x016e45, 0x016e66, 0x000001, 0x016e46,
    0x016e67, 0x000001, 0x016e47, 0x016e68, 0x000001, 0x016e48, 0x016e69, 0x000001, 0x016e49,
    0x016e6a, 0x000001, 0x016e4a, 0x016e6b, 0x000001, 0x016e4b, 0x016e6c, 0x000001, 0x016e4c,
    0x016e6d, 0x000001, 0x016e4d, 0x016e6e, 0x000001, 0x016e4e, 0x016e6f, 0x000001, 0x016e4f,
    0x016e70, 0x000001, 0x016e50, 0x016e71, 0x000001, 0x016e51, 0x016e72, 0x000001, 0x016e52,
    0x016e73, 0x000001, 0x016e53, 0x016e74, 0x000001, 0x016e54, 0x016e75, 0x000001, 0x016e55,
    0x016e76, 0x000001, 0x016e56, 0x016e77, 0x000001, 0x016e57, 0x016e78, 0x000001, 0x016e58,
    0x016e79, 0x000001, 0x016e59, 0x016e7a, 0x000001, 0x016e5a, 0x016e7b, 0x000001, 0x016e5b,
    0x016e7c, 0x000001, 0x016e5c, 0x016e7d, 0x000001, 0x016e5d, 0x016e7e, 0x000001, 0x016e5e,
    0x016e7f, 0x000001, 0x016e5f, 0x016ebb, 0x000001, 0x016ea0, 0x016ebc, 0x000001, 0x016ea1,
    0x016ebd, 0x000001, 0x016ea2, 0x016ebe, 0x000001, 0x016ea3, 0x016ebf, 0x000001, 0x016ea4,
    0x016ec0, 0x000001, 0x016ea5, 0x016ec1, 0x000001, 0x016ea6, 0x016ec2, 0x000001, 0x016ea7,
    0x016ec3, 0x000001, 0x016ea8, 0x016ec4, 0x000001, 0x016ea9, 0x016ec5, 0x000001, 0x016eaa,
    0x016ec6, 0x000001, 0x016eab, 0x016ec7, 0x000001, 0x016eac, 0x016ec8, 0x000001, 0x016ead,
    0x016ec9, 0x000001, 0x016eae, 0x016eca, 0x000001, 0x016eaf, 0x016ecb, 0x000001, 0x016eb0,
    0x016ecc, 0x000001, 0x016eb1, 0x016ecd, 0x000001, 0x016eb2, 0x016ece, 0x000001, 0x016eb3,
    0x016ecf, 0x000001, 0x016eb4, 0x016ed0, 0x000001, 0x016eb5, 0x016ed1, 0x000001, 0x016eb6,
    0x016ed2, 0x000001, 0x016eb7, 0x016ed3, 0x000001, 0x016eb8, 0x01df41, 0x000001, 0x01df40,
    0x01df49, 0x000001, 0x01df48, 0x01df4b, 0x000001, 0x01df4a, 0x01df4e, 0x000001, 0x01df4d,
    0x01df52, 0x000001, 0x01df51, 0x01df69, 0x000001, 0x01df68, 0x01df6b, 0x000001, 0x01df6a,
    0x01df6d, 0x000001, 0x01df6c, 0x01df6f, 0x000001, 0x01df6e, 0x01df73, 0x000001, 0x01df72,
    0x01df75, 0x000001, 0x01df74, 0x01df77, 0x000001, 0x01df76, 0x01df79, 0x000001, 0x01df78,
    0x01df7b, 0x000001, 0x01df7a, 0x01df7d, 0x000001, 0x01df7c, 0x01df7f, 0x000001, 0x01df7e,
    0x01e922, 0x000001, 0x01e900, 0x01e923, 0x000001, 0x01e901, 0x01e924, 0x000001, 0x01e902,
    0x01e925, 0x000001, 0x01e903, 0x01e926, 0x000001, 0x01e904, 0x01e927, 0x000001, 0x01e905,
    0x01e928, 0x000001, 0x01e906, 0x01e929, 0x000001, 0x01e907, 0x01e92a, 0x000001, 0x01e908,
    0x01e92b, 0x000001, 0x01e909, 0x01e92c, 0x000001, 0x01e90a, 0x01e92d, 0x000001, 0x01e90b,
    0x01e92e, 0x000001, 0x01e90c, 0x01e92f, 0x000001, 0x01e90d, 0x01e930, 0x000001, 0x01e90e,
    0x01e931, 0x000001, 0x01e90f, 0x01e932, 0x000001, 0x01e910, 0x01e933, 0x000001, 0x01e911,
    0x01e934, 0x000001, 0x01e912, 0x01e935, 0x000001, 0x01e913, 0x01e936, 0x000001, 0x01e914,
    0x01e937, 0x000001, 0x01e915, 0x01e938, 0x000001, 0x01e916, 0x01e939, 0x000001, 0x01e917,
    0x01e93a, 0x000001, 0x01e918, 0x01e93b, 0x000001, 0x01e919, 0x01e93c, 0x000001, 0x01e91a,
    0x01e93d, 0x000001, 0x01e91b, 0x01e93e, 0x000001, 0x01e91c, 0x01e93f, 0x000001, 0x01e91d,
    0x01e940, 0x000001, 0x01e91e, 0x01e941, 0x000001, 0x01e91f, 0x01e942, 0x000001, 0x01e920,
    0x01e943, 0x000001, 0x01e921, 0x000069, 0x000001, 0x000049,
];

pub static UNICODE_FOLDS2: [u32; 266] = [
    0x000061, 0x0002be, 0x000001, 0x001e9a, 0x000066, 0x000066, 0x000001, 0x00fb00, 0x000066,
    0x000069, 0x000001, 0x00fb01, 0x000066, 0x00006c, 0x000001, 0x00fb02, 0x000068, 0x000331,
    0x000001, 0x001e96, 0x00006a, 0x00030c, 0x000001, 0x0001f0, 0x000073, 0x000073, 0x000003,
    0x0000df, 0x001e9e, 0x01df95, 0x000073, 0x000074, 0x000002, 0x00fb05, 0x00fb06, 0x000074,
    0x000308, 0x000001, 0x001e97, 0x000077, 0x00030a, 0x000001, 0x001e98, 0x000079, 0x00030a,
    0x000001, 0x001e99, 0x0002bc, 0x00006e, 0x000001, 0x000149, 0x0003ac, 0x0003b9, 0x000001,
    0x001fb4, 0x0003ae, 0x0003b9, 0x000001, 0x001fc4, 0x0003b1, 0x000342, 0x000001, 0x001fb6,
    0x0003b1, 0x0003b9, 0x000002, 0x001fb3, 0x001fbc, 0x0003b7, 0x000342, 0x000001, 0x001fc6,
    0x0003b7, 0x0003b9, 0x000002, 0x001fc3, 0x001fcc, 0x0003b9, 0x000342, 0x000001, 0x001fd6,
    0x0003c1, 0x000313, 0x000001, 0x001fe4, 0x0003c5, 0x000313, 0x000001, 0x001f50, 0x0003c5,
    0x000342, 0x000001, 0x001fe6, 0x0003c9, 0x000342, 0x000001, 0x001ff6, 0x0003c9, 0x0003b9,
    0x000002, 0x001ff3, 0x001ffc, 0x0003ce, 0x0003b9, 0x000001, 0x001ff4, 0x000565, 0x000582,
    0x000001, 0x000587, 0x000574, 0x000565, 0x000001, 0x00fb14, 0x000574, 0x00056b, 0x000001,
    0x00fb15, 0x000574, 0x00056d, 0x000001, 0x00fb17, 0x000574, 0x000576, 0x000001, 0x00fb13,
    0x00057e, 0x000576, 0x000001, 0x00fb16, 0x001f00, 0x0003b9, 0x000002, 0x001f80, 0x001f88,
    0x001f01, 0x0003b9, 0x000002, 0x001f81, 0x001f89, 0x001f02, 0x0003b9, 0x000002, 0x001f82,
    0x001f8a, 0x001f03, 0x0003b9, 0x000002, 0x001f83, 0x001f8b, 0x001f04, 0x0003b9, 0x000002,
    0x001f84, 0x001f8c, 0x001f05, 0x0003b9, 0x000002, 0x001f85, 0x001f8d, 0x001f06, 0x0003b9,
    0x000002, 0x001f86, 0x001f8e, 0x001f07, 0x0003b9, 0x000002, 0x001f87, 0x001f8f, 0x001f20,
    0x0003b9, 0x000002, 0x001f90, 0x001f98, 0x001f21, 0x0003b9, 0x000002, 0x001f91, 0x001f99,
    0x001f22, 0x0003b9, 0x000002, 0x001f92, 0x001f9a, 0x001f23, 0x0003b9, 0x000002, 0x001f93,
    0x001f9b, 0x001f24, 0x0003b9, 0x000002, 0x001f94, 0x001f9c, 0x001f25, 0x0003b9, 0x000002,
    0x001f95, 0x001f9d, 0x001f26, 0x0003b9, 0x000002, 0x001f96, 0x001f9e, 0x001f27, 0x0003b9,
    0x000002, 0x001f97, 0x001f9f, 0x001f60, 0x0003b9, 0x000002, 0x001fa0, 0x001fa8, 0x001f61,
    0x0003b9, 0x000002, 0x001fa1, 0x001fa9, 0x001f62, 0x0003b9, 0x000002, 0x001fa2, 0x001faa,
    0x001f63, 0x0003b9, 0x000002, 0x001fa3, 0x001fab, 0x001f64, 0x0003b9, 0x000002, 0x001fa4,
    0x001fac, 0x001f65, 0x0003b9, 0x000002, 0x001fa5, 0x001fad, 0x001f66, 0x0003b9, 0x000002,
    0x001fa6, 0x001fae, 0x001f67, 0x0003b9, 0x000002, 0x001fa7, 0x001faf, 0x001f70, 0x0003b9,
    0x000001, 0x001fb2, 0x001f74, 0x0003b9, 0x000001, 0x001fc2, 0x001f7c, 0x0003b9, 0x000001,
    0x001ff2, 0x000069, 0x000307, 0x000001, 0x000130,
];

pub static UNICODE_FOLDS3: [u32; 72] = [
    0x000066, 0x000066, 0x000069, 0x000001, 0x00fb03, 0x000066, 0x000066, 0x00006c, 0x000001,
    0x00fb04, 0x0003b1, 0x000342, 0x0003b9, 0x000001, 0x001fb7, 0x0003b7, 0x000342, 0x0003b9,
    0x000001, 0x001fc7, 0x0003b9, 0x000308, 0x000300, 0x000001, 0x001fd2, 0x0003b9, 0x000308,
    0x000301, 0x000002, 0x000390, 0x001fd3, 0x0003b9, 0x000308, 0x000342, 0x000001, 0x001fd7,
    0x0003c5, 0x000308, 0x000300, 0x000001, 0x001fe2, 0x0003c5, 0x000308, 0x000301, 0x000002,
    0x0003b0, 0x001fe3, 0x0003c5, 0x000308, 0x000342, 0x000001, 0x001fe7, 0x0003c5, 0x000313,
    0x000300, 0x000001, 0x001f52, 0x0003c5, 0x000313, 0x000301, 0x000001, 0x001f54, 0x0003c5,
    0x000313, 0x000342, 0x000001, 0x001f56, 0x0003c9, 0x000342, 0x0003b9, 0x000001, 0x001ff7,
];

// Fold1 key: codepoint -> index into UNICODE_FOLDS1
pub static FOLD1_KEY: [(u32, u16); 1471] = [
    (0x000061, 0),
    (0x000062, 3),
    (0x000063, 6),
    (0x000064, 9),
    (0x000065, 12),
    (0x000066, 15),
    (0x000067, 18),
    (0x000068, 21),
    (0x000069, 4440),
    (0x00006a, 24),
    (0x00006b, 27),
    (0x00006c, 31),
    (0x00006d, 34),
    (0x00006e, 37),
    (0x00006f, 40),
    (0x000070, 43),
    (0x000071, 46),
    (0x000072, 49),
    (0x000073, 52),
    (0x000074, 56),
    (0x000075, 59),
    (0x000076, 62),
    (0x000077, 65),
    (0x000078, 68),
    (0x000079, 71),
    (0x00007a, 74),
    (0x0000e0, 77),
    (0x0000e1, 80),
    (0x0000e2, 83),
    (0x0000e3, 86),
    (0x0000e4, 89),
    (0x0000e5, 92),
    (0x0000e6, 96),
    (0x0000e7, 99),
    (0x0000e8, 102),
    (0x0000e9, 105),
    (0x0000ea, 108),
    (0x0000eb, 111),
    (0x0000ec, 114),
    (0x0000ed, 117),
    (0x0000ee, 120),
    (0x0000ef, 123),
    (0x0000f0, 126),
    (0x0000f1, 129),
    (0x0000f2, 132),
    (0x0000f3, 135),
    (0x0000f4, 138),
    (0x0000f5, 141),
    (0x0000f6, 144),
    (0x0000f8, 147),
    (0x0000f9, 150),
    (0x0000fa, 153),
    (0x0000fb, 156),
    (0x0000fc, 159),
    (0x0000fd, 162),
    (0x0000fe, 165),
    (0x0000ff, 168),
    (0x000101, 171),
    (0x000103, 174),
    (0x000105, 177),
    (0x000107, 180),
    (0x000109, 183),
    (0x00010b, 186),
    (0x00010d, 189),
    (0x00010f, 192),
    (0x000111, 195),
    (0x000113, 198),
    (0x000115, 201),
    (0x000117, 204),
    (0x000119, 207),
    (0x00011b, 210),
    (0x00011d, 213),
    (0x00011f, 216),
    (0x000121, 219),
    (0x000123, 222),
    (0x000125, 225),
    (0x000127, 228),
    (0x000129, 231),
    (0x00012b, 234),
    (0x00012d, 237),
    (0x00012f, 240),
    (0x000133, 243),
    (0x000135, 246),
    (0x000137, 249),
    (0x00013a, 252),
    (0x00013c, 255),
    (0x00013e, 258),
    (0x000140, 261),
    (0x000142, 264),
    (0x000144, 267),
    (0x000146, 270),
    (0x000148, 273),
    (0x00014b, 276),
    (0x00014d, 279),
    (0x00014f, 282),
    (0x000151, 285),
    (0x000153, 288),
    (0x000155, 291),
    (0x000157, 294),
    (0x000159, 297),
    (0x00015b, 300),
    (0x00015d, 303),
    (0x00015f, 306),
    (0x000161, 309),
    (0x000163, 312),
    (0x000165, 315),
    (0x000167, 318),
    (0x000169, 321),
    (0x00016b, 324),
    (0x00016d, 327),
    (0x00016f, 330),
    (0x000171, 333),
    (0x000173, 336),
    (0x000175, 339),
    (0x000177, 342),
    (0x00017a, 345),
    (0x00017c, 348),
    (0x00017e, 351),
    (0x000180, 354),
    (0x000183, 357),
    (0x000185, 360),
    (0x000188, 363),
    (0x00018c, 366),
    (0x000192, 369),
    (0x000195, 372),
    (0x000199, 375),
    (0x00019a, 378),
    (0x00019b, 381),
    (0x00019e, 384),
    (0x0001a1, 387),
    (0x0001a3, 390),
    (0x0001a5, 393),
    (0x0001a8, 396),
    (0x0001ad, 399),
    (0x0001b0, 402),
    (0x0001b4, 405),
    (0x0001b6, 408),
    (0x0001b9, 411),
    (0x0001bd, 414),
    (0x0001bf, 417),
    (0x0001c6, 420),
    (0x0001c9, 424),
    (0x0001cc, 428),
    (0x0001ce, 432),
    (0x0001d0, 435),
    (0x0001d2, 438),
    (0x0001d4, 441),
    (0x0001d6, 444),
    (0x0001d8, 447),
    (0x0001da, 450),
    (0x0001dc, 453),
    (0x0001dd, 456),
    (0x0001df, 459),
    (0x0001e1, 462),
    (0x0001e3, 465),
    (0x0001e5, 468),
    (0x0001e7, 471),
    (0x0001e9, 474),
    (0x0001eb, 477),
    (0x0001ed, 480),
    (0x0001ef, 483),
    (0x0001f3, 486),
    (0x0001f5, 490),
    (0x0001f9, 493),
    (0x0001fb, 496),
    (0x0001fd, 499),
    (0x0001ff, 502),
    (0x000201, 505),
    (0x000203, 508),
    (0x000205, 511),
    (0x000207, 514),
    (0x000209, 517),
    (0x00020b, 520),
    (0x00020d, 523),
    (0x00020f, 526),
    (0x000211, 529),
    (0x000213, 532),
    (0x000215, 535),
    (0x000217, 538),
    (0x000219, 541),
    (0x00021b, 544),
    (0x00021d, 547),
    (0x00021f, 550),
    (0x000223, 553),
    (0x000225, 556),
    (0x000227, 559),
    (0x000229, 562),
    (0x00022b, 565),
    (0x00022d, 568),
    (0x00022f, 571),
    (0x000231, 574),
    (0x000233, 577),
    (0x00023c, 580),
    (0x00023f, 583),
    (0x000240, 586),
    (0x000242, 589),
    (0x000247, 592),
    (0x000249, 595),
    (0x00024b, 598),
    (0x00024d, 601),
    (0x00024f, 604),
    (0x000250, 607),
    (0x000251, 610),
    (0x000252, 613),
    (0x000253, 616),
    (0x000254, 619),
    (0x000256, 622),
    (0x000257, 625),
    (0x000259, 628),
    (0x00025b, 631),
    (0x00025c, 634),
    (0x000260, 637),
    (0x000261, 640),
    (0x000263, 643),
    (0x000264, 646),
    (0x000265, 649),
    (0x000266, 652),
    (0x000268, 655),
    (0x000269, 658),
    (0x00026a, 661),
    (0x00026b, 664),
    (0x00026c, 667),
    (0x00026f, 670),
    (0x000271, 673),
    (0x000272, 676),
    (0x000275, 679),
    (0x000277, 682),
    (0x00027c, 685),
    (0x00027d, 688),
    (0x000280, 691),
    (0x000282, 694),
    (0x000283, 697),
    (0x000287, 700),
    (0x000288, 703),
    (0x000289, 706),
    (0x00028a, 709),
    (0x00028b, 712),
    (0x00028c, 715),
    (0x000292, 718),
    (0x00029d, 721),
    (0x00029e, 724),
    (0x000371, 727),
    (0x000373, 730),
    (0x000377, 733),
    (0x00037b, 736),
    (0x00037c, 739),
    (0x00037d, 742),
    (0x0003ac, 745),
    (0x0003ad, 748),
    (0x0003ae, 751),
    (0x0003af, 754),
    (0x0003b1, 757),
    (0x0003b2, 760),
    (0x0003b3, 764),
    (0x0003b4, 767),
    (0x0003b5, 770),
    (0x0003b6, 774),
    (0x0003b7, 777),
    (0x0003b8, 780),
    (0x0003b9, 785),
    (0x0003ba, 790),
    (0x0003bb, 794),
    (0x0003bc, 797),
    (0x0003bd, 801),
    (0x0003be, 804),
    (0x0003bf, 807),
    (0x0003c0, 810),
    (0x0003c1, 814),
    (0x0003c3, 818),
    (0x0003c4, 822),
    (0x0003c5, 825),
    (0x0003c6, 828),
    (0x0003c7, 832),
    (0x0003c8, 835),
    (0x0003c9, 838),
    (0x0003ca, 842),
    (0x0003cb, 845),
    (0x0003cc, 848),
    (0x0003cd, 851),
    (0x0003ce, 854),
    (0x0003d7, 857),
    (0x0003d9, 860),
    (0x0003db, 863),
    (0x0003dd, 866),
    (0x0003df, 869),
    (0x0003e1, 872),
    (0x0003e3, 875),
    (0x0003e5, 878),
    (0x0003e7, 881),
    (0x0003e9, 884),
    (0x0003eb, 887),
    (0x0003ed, 890),
    (0x0003ef, 893),
    (0x0003f2, 896),
    (0x0003f3, 899),
    (0x0003f8, 902),
    (0x0003fb, 905),
    (0x000430, 908),
    (0x000431, 911),
    (0x000432, 914),
    (0x000433, 918),
    (0x000434, 921),
    (0x000435, 925),
    (0x000436, 928),
    (0x000437, 931),
    (0x000438, 934),
    (0x000439, 937),
    (0x00043a, 940),
    (0x00043b, 943),
    (0x00043c, 946),
    (0x00043d, 949),
    (0x00043e, 952),
    (0x00043f, 956),
    (0x000440, 959),
    (0x000441, 962),
    (0x000442, 966),
    (0x000443, 971),
    (0x000444, 974),
    (0x000445, 977),
    (0x000446, 980),
    (0x000447, 983),
    (0x000448, 986),
    (0x000449, 989),
    (0x00044a, 992),
    (0x00044b, 996),
    (0x00044c, 999),
    (0x00044d, 1002),
    (0x00044e, 1005),
    (0x00044f, 1008),
    (0x000450, 1011),
    (0x000451, 1014),
    (0x000452, 1017),
    (0x000453, 1020),
    (0x000454, 1023),
    (0x000455, 1026),
    (0x000456, 1029),
    (0x000457, 1032),
    (0x000458, 1035),
    (0x000459, 1038),
    (0x00045a, 1041),
    (0x00045b, 1044),
    (0x00045c, 1047),
    (0x00045d, 1050),
    (0x00045e, 1053),
    (0x00045f, 1056),
    (0x000461, 1059),
    (0x000463, 1062),
    (0x000465, 1066),
    (0x000467, 1069),
    (0x000469, 1072),
    (0x00046b, 1075),
    (0x00046d, 1078),
    (0x00046f, 1081),
    (0x000471, 1084),
    (0x000473, 1087),
    (0x000475, 1090),
    (0x000477, 1093),
    (0x000479, 1096),
    (0x00047b, 1099),
    (0x00047d, 1102),
    (0x00047f, 1105),
    (0x000481, 1108),
    (0x00048b, 1111),
    (0x00048d, 1114),
    (0x00048f, 1117),
    (0x000491, 1120),
    (0x000493, 1123),
    (0x000495, 1126),
    (0x000497, 1129),
    (0x000499, 1132),
    (0x00049b, 1135),
    (0x00049d, 1138),
    (0x00049f, 1141),
    (0x0004a1, 1144),
    (0x0004a3, 1147),
    (0x0004a5, 1150),
    (0x0004a7, 1153),
    (0x0004a9, 1156),
    (0x0004ab, 1159),
    (0x0004ad, 1162),
    (0x0004af, 1165),
    (0x0004b1, 1168),
    (0x0004b3, 1171),
    (0x0004b5, 1174),
    (0x0004b7, 1177),
    (0x0004b9, 1180),
    (0x0004bb, 1183),
    (0x0004bd, 1186),
    (0x0004bf, 1189),
    (0x0004c2, 1192),
    (0x0004c4, 1195),
    (0x0004c6, 1198),
    (0x0004c8, 1201),
    (0x0004ca, 1204),
    (0x0004cc, 1207),
    (0x0004ce, 1210),
    (0x0004cf, 1213),
    (0x0004d1, 1216),
    (0x0004d3, 1219),
    (0x0004d5, 1222),
    (0x0004d7, 1225),
    (0x0004d9, 1228),
    (0x0004db, 1231),
    (0x0004dd, 1234),
    (0x0004df, 1237),
    (0x0004e1, 1240),
    (0x0004e3, 1243),
    (0x0004e5, 1246),
    (0x0004e7, 1249),
    (0x0004e9, 1252),
    (0x0004eb, 1255),
    (0x0004ed, 1258),
    (0x0004ef, 1261),
    (0x0004f1, 1264),
    (0x0004f3, 1267),
    (0x0004f5, 1270),
    (0x0004f7, 1273),
    (0x0004f9, 1276),
    (0x0004fb, 1279),
    (0x0004fd, 1282),
    (0x0004ff, 1285),
    (0x000501, 1288),
    (0x000503, 1291),
    (0x000505, 1294),
    (0x000507, 1297),
    (0x000509, 1300),
    (0x00050b, 1303),
    (0x00050d, 1306),
    (0x00050f, 1309),
    (0x000511, 1312),
    (0x000513, 1315),
    (0x000515, 1318),
    (0x000517, 1321),
    (0x000519, 1324),
    (0x00051b, 1327),
    (0x00051d, 1330),
    (0x00051f, 1333),
    (0x000521, 1336),
    (0x000523, 1339),
    (0x000525, 1342),
    (0x000527, 1345),
    (0x000529, 1348),
    (0x00052b, 1351),
    (0x00052d, 1354),
    (0x00052f, 1357),
    (0x000561, 1360),
    (0x000562, 1363),
    (0x000563, 1366),
    (0x000564, 1369),
    (0x000565, 1372),
    (0x000566, 1375),
    (0x000567, 1378),
    (0x000568, 1381),
    (0x000569, 1384),
    (0x00056a, 1387),
    (0x00056b, 1390),
    (0x00056c, 1393),
    (0x00056d, 1396),
    (0x00056e, 1399),
    (0x00056f, 1402),
    (0x000570, 1405),
    (0x000571, 1408),
    (0x000572, 1411),
    (0x000573, 1414),
    (0x000574, 1417),
    (0x000575, 1420),
    (0x000576, 1423),
    (0x000577, 1426),
    (0x000578, 1429),
    (0x000579, 1432),
    (0x00057a, 1435),
    (0x00057b, 1438),
    (0x00057c, 1441),
    (0x00057d, 1444),
    (0x00057e, 1447),
    (0x00057f, 1450),
    (0x000580, 1453),
    (0x000581, 1456),
    (0x000582, 1459),
    (0x000583, 1462),
    (0x000584, 1465),
    (0x000585, 1468),
    (0x000586, 1471),
    (0x0010d0, 1474),
    (0x0010d1, 1477),
    (0x0010d2, 1480),
    (0x0010d3, 1483),
    (0x0010d4, 1486),
    (0x0010d5, 1489),
    (0x0010d6, 1492),
    (0x0010d7, 1495),
    (0x0010d8, 1498),
    (0x0010d9, 1501),
    (0x0010da, 1504),
    (0x0010db, 1507),
    (0x0010dc, 1510),
    (0x0010dd, 1513),
    (0x0010de, 1516),
    (0x0010df, 1519),
    (0x0010e0, 1522),
    (0x0010e1, 1525),
    (0x0010e2, 1528),
    (0x0010e3, 1531),
    (0x0010e4, 1534),
    (0x0010e5, 1537),
    (0x0010e6, 1540),
    (0x0010e7, 1543),
    (0x0010e8, 1546),
    (0x0010e9, 1549),
    (0x0010ea, 1552),
    (0x0010eb, 1555),
    (0x0010ec, 1558),
    (0x0010ed, 1561),
    (0x0010ee, 1564),
    (0x0010ef, 1567),
    (0x0010f0, 1570),
    (0x0010f1, 1573),
    (0x0010f2, 1576),
    (0x0010f3, 1579),
    (0x0010f4, 1582),
    (0x0010f5, 1585),
    (0x0010f6, 1588),
    (0x0010f7, 1591),
    (0x0010f8, 1594),
    (0x0010f9, 1597),
    (0x0010fa, 1600),
    (0x0010fd, 1603),
    (0x0010fe, 1606),
    (0x0010ff, 1609),
    (0x0013a0, 1612),
    (0x0013a1, 1615),
    (0x0013a2, 1618),
    (0x0013a3, 1621),
    (0x0013a4, 1624),
    (0x0013a5, 1627),
    (0x0013a6, 1630),
    (0x0013a7, 1633),
    (0x0013a8, 1636),
    (0x0013a9, 1639),
    (0x0013aa, 1642),
    (0x0013ab, 1645),
    (0x0013ac, 1648),
    (0x0013ad, 1651),
    (0x0013ae, 1654),
    (0x0013af, 1657),
    (0x0013b0, 1660),
    (0x0013b1, 1663),
    (0x0013b2, 1666),
    (0x0013b3, 1669),
    (0x0013b4, 1672),
    (0x0013b5, 1675),
    (0x0013b6, 1678),
    (0x0013b7, 1681),
    (0x0013b8, 1684),
    (0x0013b9, 1687),
    (0x0013ba, 1690),
    (0x0013bb, 1693),
    (0x0013bc, 1696),
    (0x0013bd, 1699),
    (0x0013be, 1702),
    (0x0013bf, 1705),
    (0x0013c0, 1708),
    (0x0013c1, 1711),
    (0x0013c2, 1714),
    (0x0013c3, 1717),
    (0x0013c4, 1720),
    (0x0013c5, 1723),
    (0x0013c6, 1726),
    (0x0013c7, 1729),
    (0x0013c8, 1732),
    (0x0013c9, 1735),
    (0x0013ca, 1738),
    (0x0013cb, 1741),
    (0x0013cc, 1744),
    (0x0013cd, 1747),
    (0x0013ce, 1750),
    (0x0013cf, 1753),
    (0x0013d0, 1756),
    (0x0013d1, 1759),
    (0x0013d2, 1762),
    (0x0013d3, 1765),
    (0x0013d4, 1768),
    (0x0013d5, 1771),
    (0x0013d6, 1774),
    (0x0013d7, 1777),
    (0x0013d8, 1780),
    (0x0013d9, 1783),
    (0x0013da, 1786),
    (0x0013db, 1789),
    (0x0013dc, 1792),
    (0x0013dd, 1795),
    (0x0013de, 1798),
    (0x0013df, 1801),
    (0x0013e0, 1804),
    (0x0013e1, 1807),
    (0x0013e2, 1810),
    (0x0013e3, 1813),
    (0x0013e4, 1816),
    (0x0013e5, 1819),
    (0x0013e6, 1822),
    (0x0013e7, 1825),
    (0x0013e8, 1828),
    (0x0013e9, 1831),
    (0x0013ea, 1834),
    (0x0013eb, 1837),
    (0x0013ec, 1840),
    (0x0013ed, 1843),
    (0x0013ee, 1846),
    (0x0013ef, 1849),
    (0x0013f0, 1852),
    (0x0013f1, 1855),
    (0x0013f2, 1858),
    (0x0013f3, 1861),
    (0x0013f4, 1864),
    (0x0013f5, 1867),
    (0x001c8a, 1870),
    (0x001d79, 1873),
    (0x001d7d, 1876),
    (0x001d8e, 1879),
    (0x001e01, 1882),
    (0x001e03, 1885),
    (0x001e05, 1888),
    (0x001e07, 1891),
    (0x001e09, 1894),
    (0x001e0b, 1897),
    (0x001e0d, 1900),
    (0x001e0f, 1903),
    (0x001e11, 1906),
    (0x001e13, 1909),
    (0x001e15, 1912),
    (0x001e17, 1915),
    (0x001e19, 1918),
    (0x001e1b, 1921),
    (0x001e1d, 1924),
    (0x001e1f, 1927),
    (0x001e21, 1930),
    (0x001e23, 1933),
    (0x001e25, 1936),
    (0x001e27, 1939),
    (0x001e29, 1942),
    (0x001e2b, 1945),
    (0x001e2d, 1948),
    (0x001e2f, 1951),
    (0x001e31, 1954),
    (0x001e33, 1957),
    (0x001e35, 1960),
    (0x001e37, 1963),
    (0x001e39, 1966),
    (0x001e3b, 1969),
    (0x001e3d, 1972),
    (0x001e3f, 1975),
    (0x001e41, 1978),
    (0x001e43, 1981),
    (0x001e45, 1984),
    (0x001e47, 1987),
    (0x001e49, 1990),
    (0x001e4b, 1993),
    (0x001e4d, 1996),
    (0x001e4f, 1999),
    (0x001e51, 2002),
    (0x001e53, 2005),
    (0x001e55, 2008),
    (0x001e57, 2011),
    (0x001e59, 2014),
    (0x001e5b, 2017),
    (0x001e5d, 2020),
    (0x001e5f, 2023),
    (0x001e61, 2026),
    (0x001e63, 2030),
    (0x001e65, 2033),
    (0x001e67, 2036),
    (0x001e69, 2039),
    (0x001e6b, 2042),
    (0x001e6d, 2045),
    (0x001e6f, 2048),
    (0x001e71, 2051),
    (0x001e73, 2054),
    (0x001e75, 2057),
    (0x001e77, 2060),
    (0x001e79, 2063),
    (0x001e7b, 2066),
    (0x001e7d, 2069),
    (0x001e7f, 2072),
    (0x001e81, 2075),
    (0x001e83, 2078),
    (0x001e85, 2081),
    (0x001e87, 2084),
    (0x001e89, 2087),
    (0x001e8b, 2090),
    (0x001e8d, 2093),
    (0x001e8f, 2096),
    (0x001e91, 2099),
    (0x001e93, 2102),
    (0x001e95, 2105),
    (0x001ea1, 2108),
    (0x001ea3, 2111),
    (0x001ea5, 2114),
    (0x001ea7, 2117),
    (0x001ea9, 2120),
    (0x001eab, 2123),
    (0x001ead, 2126),
    (0x001eaf, 2129),
    (0x001eb1, 2132),
    (0x001eb3, 2135),
    (0x001eb5, 2138),
    (0x001eb7, 2141),
    (0x001eb9, 2144),
    (0x001ebb, 2147),
    (0x001ebd, 2150),
    (0x001ebf, 2153),
    (0x001ec1, 2156),
    (0x001ec3, 2159),
    (0x001ec5, 2162),
    (0x001ec7, 2165),
    (0x001ec9, 2168),
    (0x001ecb, 2171),
    (0x001ecd, 2174),
    (0x001ecf, 2177),
    (0x001ed1, 2180),
    (0x001ed3, 2183),
    (0x001ed5, 2186),
    (0x001ed7, 2189),
    (0x001ed9, 2192),
    (0x001edb, 2195),
    (0x001edd, 2198),
    (0x001edf, 2201),
    (0x001ee1, 2204),
    (0x001ee3, 2207),
    (0x001ee5, 2210),
    (0x001ee7, 2213),
    (0x001ee9, 2216),
    (0x001eeb, 2219),
    (0x001eed, 2222),
    (0x001eef, 2225),
    (0x001ef1, 2228),
    (0x001ef3, 2231),
    (0x001ef5, 2234),
    (0x001ef7, 2237),
    (0x001ef9, 2240),
    (0x001efb, 2243),
    (0x001efd, 2246),
    (0x001eff, 2249),
    (0x001f00, 2252),
    (0x001f01, 2255),
    (0x001f02, 2258),
    (0x001f03, 2261),
    (0x001f04, 2264),
    (0x001f05, 2267),
    (0x001f06, 2270),
    (0x001f07, 2273),
    (0x001f10, 2276),
    (0x001f11, 2279),
    (0x001f12, 2282),
    (0x001f13, 2285),
    (0x001f14, 2288),
    (0x001f15, 2291),
    (0x001f20, 2294),
    (0x001f21, 2297),
    (0x001f22, 2300),
    (0x001f23, 2303),
    (0x001f24, 2306),
    (0x001f25, 2309),
    (0x001f26, 2312),
    (0x001f27, 2315),
    (0x001f30, 2318),
    (0x001f31, 2321),
    (0x001f32, 2324),
    (0x001f33, 2327),
    (0x001f34, 2330),
    (0x001f35, 2333),
    (0x001f36, 2336),
    (0x001f37, 2339),
    (0x001f40, 2342),
    (0x001f41, 2345),
    (0x001f42, 2348),
    (0x001f43, 2351),
    (0x001f44, 2354),
    (0x001f45, 2357),
    (0x001f51, 2360),
    (0x001f53, 2363),
    (0x001f55, 2366),
    (0x001f57, 2369),
    (0x001f60, 2372),
    (0x001f61, 2375),
    (0x001f62, 2378),
    (0x001f63, 2381),
    (0x001f64, 2384),
    (0x001f65, 2387),
    (0x001f66, 2390),
    (0x001f67, 2393),
    (0x001f70, 2396),
    (0x001f71, 2399),
    (0x001f72, 2402),
    (0x001f73, 2405),
    (0x001f74, 2408),
    (0x001f75, 2411),
    (0x001f76, 2414),
    (0x001f77, 2417),
    (0x001f78, 2420),
    (0x001f79, 2423),
    (0x001f7a, 2426),
    (0x001f7b, 2429),
    (0x001f7c, 2432),
    (0x001f7d, 2435),
    (0x001fb0, 2438),
    (0x001fb1, 2441),
    (0x001fd0, 2444),
    (0x001fd1, 2447),
    (0x001fe0, 2450),
    (0x001fe1, 2453),
    (0x001fe5, 2456),
    (0x00214e, 2459),
    (0x002170, 2462),
    (0x002171, 2465),
    (0x002172, 2468),
    (0x002173, 2471),
    (0x002174, 2474),
    (0x002175, 2477),
    (0x002176, 2480),
    (0x002177, 2483),
    (0x002178, 2486),
    (0x002179, 2489),
    (0x00217a, 2492),
    (0x00217b, 2495),
    (0x00217c, 2498),
    (0x00217d, 2501),
    (0x00217e, 2504),
    (0x00217f, 2507),
    (0x002184, 2510),
    (0x0024d0, 2513),
    (0x0024d1, 2516),
    (0x0024d2, 2519),
    (0x0024d3, 2522),
    (0x0024d4, 2525),
    (0x0024d5, 2528),
    (0x0024d6, 2531),
    (0x0024d7, 2534),
    (0x0024d8, 2537),
    (0x0024d9, 2540),
    (0x0024da, 2543),
    (0x0024db, 2546),
    (0x0024dc, 2549),
    (0x0024dd, 2552),
    (0x0024de, 2555),
    (0x0024df, 2558),
    (0x0024e0, 2561),
    (0x0024e1, 2564),
    (0x0024e2, 2567),
    (0x0024e3, 2570),
    (0x0024e4, 2573),
    (0x0024e5, 2576),
    (0x0024e6, 2579),
    (0x0024e7, 2582),
    (0x0024e8, 2585),
    (0x0024e9, 2588),
    (0x002c30, 2591),
    (0x002c31, 2594),
    (0x002c32, 2597),
    (0x002c33, 2600),
    (0x002c34, 2603),
    (0x002c35, 2606),
    (0x002c36, 2609),
    (0x002c37, 2612),
    (0x002c38, 2615),
    (0x002c39, 2618),
    (0x002c3a, 2621),
    (0x002c3b, 2624),
    (0x002c3c, 2627),
    (0x002c3d, 2630),
    (0x002c3e, 2633),
    (0x002c3f, 2636),
    (0x002c40, 2639),
    (0x002c41, 2642),
    (0x002c42, 2645),
    (0x002c43, 2648),
    (0x002c44, 2651),
    (0x002c45, 2654),
    (0x002c46, 2657),
    (0x002c47, 2660),
    (0x002c48, 2663),
    (0x002c49, 2666),
    (0x002c4a, 2669),
    (0x002c4b, 2672),
    (0x002c4c, 2675),
    (0x002c4d, 2678),
    (0x002c4e, 2681),
    (0x002c4f, 2684),
    (0x002c50, 2687),
    (0x002c51, 2690),
    (0x002c52, 2693),
    (0x002c53, 2696),
    (0x002c54, 2699),
    (0x002c55, 2702),
    (0x002c56, 2705),
    (0x002c57, 2708),
    (0x002c58, 2711),
    (0x002c59, 2714),
    (0x002c5a, 2717),
    (0x002c5b, 2720),
    (0x002c5c, 2723),
    (0x002c5d, 2726),
    (0x002c5e, 2729),
    (0x002c5f, 2732),
    (0x002c61, 2735),
    (0x002c65, 2738),
    (0x002c66, 2741),
    (0x002c68, 2744),
    (0x002c6a, 2747),
    (0x002c6c, 2750),
    (0x002c73, 2753),
    (0x002c76, 2756),
    (0x002c81, 2759),
    (0x002c83, 2762),
    (0x002c85, 2765),
    (0x002c87, 2768),
    (0x002c89, 2771),
    (0x002c8b, 2774),
    (0x002c8d, 2777),
    (0x002c8f, 2780),
    (0x002c91, 2783),
    (0x002c93, 2786),
    (0x002c95, 2789),
    (0x002c97, 2792),
    (0x002c99, 2795),
    (0x002c9b, 2798),
    (0x002c9d, 2801),
    (0x002c9f, 2804),
    (0x002ca1, 2807),
    (0x002ca3, 2810),
    (0x002ca5, 2813),
    (0x002ca7, 2816),
    (0x002ca9, 2819),
    (0x002cab, 2822),
    (0x002cad, 2825),
    (0x002caf, 2828),
    (0x002cb1, 2831),
    (0x002cb3, 2834),
    (0x002cb5, 2837),
    (0x002cb7, 2840),
    (0x002cb9, 2843),
    (0x002cbb, 2846),
    (0x002cbd, 2849),
    (0x002cbf, 2852),
    (0x002cc1, 2855),
    (0x002cc3, 2858),
    (0x002cc5, 2861),
    (0x002cc7, 2864),
    (0x002cc9, 2867),
    (0x002ccb, 2870),
    (0x002ccd, 2873),
    (0x002ccf, 2876),
    (0x002cd1, 2879),
    (0x002cd3, 2882),
    (0x002cd5, 2885),
    (0x002cd7, 2888),
    (0x002cd9, 2891),
    (0x002cdb, 2894),
    (0x002cdd, 2897),
    (0x002cdf, 2900),
    (0x002ce1, 2903),
    (0x002ce3, 2906),
    (0x002cec, 2909),
    (0x002cee, 2912),
    (0x002cf3, 2915),
    (0x002d00, 2918),
    (0x002d01, 2921),
    (0x002d02, 2924),
    (0x002d03, 2927),
    (0x002d04, 2930),
    (0x002d05, 2933),
    (0x002d06, 2936),
    (0x002d07, 2939),
    (0x002d08, 2942),
    (0x002d09, 2945),
    (0x002d0a, 2948),
    (0x002d0b, 2951),
    (0x002d0c, 2954),
    (0x002d0d, 2957),
    (0x002d0e, 2960),
    (0x002d0f, 2963),
    (0x002d10, 2966),
    (0x002d11, 2969),
    (0x002d12, 2972),
    (0x002d13, 2975),
    (0x002d14, 2978),
    (0x002d15, 2981),
    (0x002d16, 2984),
    (0x002d17, 2987),
    (0x002d18, 2990),
    (0x002d19, 2993),
    (0x002d1a, 2996),
    (0x002d1b, 2999),
    (0x002d1c, 3002),
    (0x002d1d, 3005),
    (0x002d1e, 3008),
    (0x002d1f, 3011),
    (0x002d20, 3014),
    (0x002d21, 3017),
    (0x002d22, 3020),
    (0x002d23, 3023),
    (0x002d24, 3026),
    (0x002d25, 3029),
    (0x002d27, 3032),
    (0x002d2d, 3035),
    (0x00a641, 3038),
    (0x00a643, 3041),
    (0x00a645, 3044),
    (0x00a647, 3047),
    (0x00a649, 3050),
    (0x00a64b, 3053),
    (0x00a64d, 3057),
    (0x00a64f, 3060),
    (0x00a651, 3063),
    (0x00a653, 3066),
    (0x00a655, 3069),
    (0x00a657, 3072),
    (0x00a659, 3075),
    (0x00a65b, 3078),
    (0x00a65d, 3081),
    (0x00a65f, 3084),
    (0x00a661, 3087),
    (0x00a663, 3090),
    (0x00a665, 3093),
    (0x00a667, 3096),
    (0x00a669, 3099),
    (0x00a66b, 3102),
    (0x00a66d, 3105),
    (0x00a681, 3108),
    (0x00a683, 3111),
    (0x00a685, 3114),
    (0x00a687, 3117),
    (0x00a689, 3120),
    (0x00a68b, 3123),
    (0x00a68d, 3126),
    (0x00a68f, 3129),
    (0x00a691, 3132),
    (0x00a693, 3135),
    (0x00a695, 3138),
    (0x00a697, 3141),
    (0x00a699, 3144),
    (0x00a69b, 3147),
    (0x00a723, 3150),
    (0x00a725, 3153),
    (0x00a727, 3156),
    (0x00a729, 3159),
    (0x00a72b, 3162),
    (0x00a72d, 3165),
    (0x00a72f, 3168),
    (0x00a733, 3171),
    (0x00a735, 3174),
    (0x00a737, 3177),
    (0x00a739, 3180),
    (0x00a73b, 3183),
    (0x00a73d, 3186),
    (0x00a73f, 3189),
    (0x00a741, 3192),
    (0x00a743, 3195),
    (0x00a745, 3198),
    (0x00a747, 3201),
    (0x00a749, 3204),
    (0x00a74b, 3207),
    (0x00a74d, 3210),
    (0x00a74f, 3213),
    (0x00a751, 3216),
    (0x00a753, 3219),
    (0x00a755, 3222),
    (0x00a757, 3225),
    (0x00a759, 3228),
    (0x00a75b, 3231),
    (0x00a75d, 3234),
    (0x00a75f, 3237),
    (0x00a761, 3240),
    (0x00a763, 3243),
    (0x00a765, 3246),
    (0x00a767, 3249),
    (0x00a769, 3252),
    (0x00a76b, 3255),
    (0x00a76d, 3258),
    (0x00a76f, 3261),
    (0x00a77a, 3264),
    (0x00a77c, 3267),
    (0x00a77f, 3270),
    (0x00a781, 3273),
    (0x00a783, 3276),
    (0x00a785, 3279),
    (0x00a787, 3282),
    (0x00a78c, 3285),
    (0x00a791, 3288),
    (0x00a793, 3291),
    (0x00a794, 3294),
    (0x00a797, 3297),
    (0x00a799, 3300),
    (0x00a79b, 3303),
    (0x00a79d, 3306),
    (0x00a79f, 3309),
    (0x00a7a1, 3312),
    (0x00a7a3, 3315),
    (0x00a7a5, 3318),
    (0x00a7a7, 3321),
    (0x00a7a9, 3324),
    (0x00a7b5, 3327),
    (0x00a7b7, 3330),
    (0x00a7b9, 3333),
    (0x00a7bb, 3336),
    (0x00a7bd, 3339),
    (0x00a7bf, 3342),
    (0x00a7c1, 3345),
    (0x00a7c3, 3348),
    (0x00a7c8, 3351),
    (0x00a7ca, 3354),
    (0x00a7cd, 3357),
    (0x00a7cf, 3360),
    (0x00a7d1, 3363),
    (0x00a7d3, 3366),
    (0x00a7d5, 3369),
    (0x00a7d7, 3372),
    (0x00a7d9, 3375),
    (0x00a7db, 3378),
    (0x00a7f6, 3381),
    (0x00ab4b, 3384),
    (0x00ab4c, 3387),
    (0x00ab53, 3390),
    (0x00ff41, 3393),
    (0x00ff42, 3396),
    (0x00ff43, 3399),
    (0x00ff44, 3402),
    (0x00ff45, 3405),
    (0x00ff46, 3408),
    (0x00ff47, 3411),
    (0x00ff48, 3414),
    (0x00ff49, 3417),
    (0x00ff4a, 3420),
    (0x00ff4b, 3423),
    (0x00ff4c, 3426),
    (0x00ff4d, 3429),
    (0x00ff4e, 3432),
    (0x00ff4f, 3435),
    (0x00ff50, 3438),
    (0x00ff51, 3441),
    (0x00ff52, 3444),
    (0x00ff53, 3447),
    (0x00ff54, 3450),
    (0x00ff55, 3453),
    (0x00ff56, 3456),
    (0x00ff57, 3459),
    (0x00ff58, 3462),
    (0x00ff59, 3465),
    (0x00ff5a, 3468),
    (0x010428, 3471),
    (0x010429, 3474),
    (0x01042a, 3477),
    (0x01042b, 3480),
    (0x01042c, 3483),
    (0x01042d, 3486),
    (0x01042e, 3489),
    (0x01042f, 3492),
    (0x010430, 3495),
    (0x010431, 3498),
    (0x010432, 3501),
    (0x010433, 3504),
    (0x010434, 3507),
    (0x010435, 3510),
    (0x010436, 3513),
    (0x010437, 3516),
    (0x010438, 3519),
    (0x010439, 3522),
    (0x01043a, 3525),
    (0x01043b, 3528),
    (0x01043c, 3531),
    (0x01043d, 3534),
    (0x01043e, 3537),
    (0x01043f, 3540),
    (0x010440, 3543),
    (0x010441, 3546),
    (0x010442, 3549),
    (0x010443, 3552),
    (0x010444, 3555),
    (0x010445, 3558),
    (0x010446, 3561),
    (0x010447, 3564),
    (0x010448, 3567),
    (0x010449, 3570),
    (0x01044a, 3573),
    (0x01044b, 3576),
    (0x01044c, 3579),
    (0x01044d, 3582),
    (0x01044e, 3585),
    (0x01044f, 3588),
    (0x0104d8, 3591),
    (0x0104d9, 3594),
    (0x0104da, 3597),
    (0x0104db, 3600),
    (0x0104dc, 3603),
    (0x0104dd, 3606),
    (0x0104de, 3609),
    (0x0104df, 3612),
    (0x0104e0, 3615),
    (0x0104e1, 3618),
    (0x0104e2, 3621),
    (0x0104e3, 3624),
    (0x0104e4, 3627),
    (0x0104e5, 3630),
    (0x0104e6, 3633),
    (0x0104e7, 3636),
    (0x0104e8, 3639),
    (0x0104e9, 3642),
    (0x0104ea, 3645),
    (0x0104eb, 3648),
    (0x0104ec, 3651),
    (0x0104ed, 3654),
    (0x0104ee, 3657),
    (0x0104ef, 3660),
    (0x0104f0, 3663),
    (0x0104f1, 3666),
    (0x0104f2, 3669),
    (0x0104f3, 3672),
    (0x0104f4, 3675),
    (0x0104f5, 3678),
    (0x0104f6, 3681),
    (0x0104f7, 3684),
    (0x0104f8, 3687),
    (0x0104f9, 3690),
    (0x0104fa, 3693),
    (0x0104fb, 3696),
    (0x010597, 3699),
    (0x010598, 3702),
    (0x010599, 3705),
    (0x01059a, 3708),
    (0x01059b, 3711),
    (0x01059c, 3714),
    (0x01059d, 3717),
    (0x01059e, 3720),
    (0x01059f, 3723),
    (0x0105a0, 3726),
    (0x0105a1, 3729),
    (0x0105a3, 3732),
    (0x0105a4, 3735),
    (0x0105a5, 3738),
    (0x0105a6, 3741),
    (0x0105a7, 3744),
    (0x0105a8, 3747),
    (0x0105a9, 3750),
    (0x0105aa, 3753),
    (0x0105ab, 3756),
    (0x0105ac, 3759),
    (0x0105ad, 3762),
    (0x0105ae, 3765),
    (0x0105af, 3768),
    (0x0105b0, 3771),
    (0x0105b1, 3774),
    (0x0105b3, 3777),
    (0x0105b4, 3780),
    (0x0105b5, 3783),
    (0x0105b6, 3786),
    (0x0105b7, 3789),
    (0x0105b8, 3792),
    (0x0105b9, 3795),
    (0x0105bb, 3798),
    (0x0105bc, 3801),
    (0x010cc0, 3804),
    (0x010cc1, 3807),
    (0x010cc2, 3810),
    (0x010cc3, 3813),
    (0x010cc4, 3816),
    (0x010cc5, 3819),
    (0x010cc6, 3822),
    (0x010cc7, 3825),
    (0x010cc8, 3828),
    (0x010cc9, 3831),
    (0x010cca, 3834),
    (0x010ccb, 3837),
    (0x010ccc, 3840),
    (0x010ccd, 3843),
    (0x010cce, 3846),
    (0x010ccf, 3849),
    (0x010cd0, 3852),
    (0x010cd1, 3855),
    (0x010cd2, 3858),
    (0x010cd3, 3861),
    (0x010cd4, 3864),
    (0x010cd5, 3867),
    (0x010cd6, 3870),
    (0x010cd7, 3873),
    (0x010cd8, 3876),
    (0x010cd9, 3879),
    (0x010cda, 3882),
    (0x010cdb, 3885),
    (0x010cdc, 3888),
    (0x010cdd, 3891),
    (0x010cde, 3894),
    (0x010cdf, 3897),
    (0x010ce0, 3900),
    (0x010ce1, 3903),
    (0x010ce2, 3906),
    (0x010ce3, 3909),
    (0x010ce4, 3912),
    (0x010ce5, 3915),
    (0x010ce6, 3918),
    (0x010ce7, 3921),
    (0x010ce8, 3924),
    (0x010ce9, 3927),
    (0x010cea, 3930),
    (0x010ceb, 3933),
    (0x010cec, 3936),
    (0x010ced, 3939),
    (0x010cee, 3942),
    (0x010cef, 3945),
    (0x010cf0, 3948),
    (0x010cf1, 3951),
    (0x010cf2, 3954),
    (0x010d70, 3957),
    (0x010d71, 3960),
    (0x010d72, 3963),
    (0x010d73, 3966),
    (0x010d74, 3969),
    (0x010d75, 3972),
    (0x010d76, 3975),
    (0x010d77, 3978),
    (0x010d78, 3981),
    (0x010d79, 3984),
    (0x010d7a, 3987),
    (0x010d7b, 3990),
    (0x010d7c, 3993),
    (0x010d7d, 3996),
    (0x010d7e, 3999),
    (0x010d7f, 4002),
    (0x010d80, 4005),
    (0x010d81, 4008),
    (0x010d82, 4011),
    (0x010d83, 4014),
    (0x010d84, 4017),
    (0x010d85, 4020),
    (0x0118c0, 4023),
    (0x0118c1, 4026),
    (0x0118c2, 4029),
    (0x0118c3, 4032),
    (0x0118c4, 4035),
    (0x0118c5, 4038),
    (0x0118c6, 4041),
    (0x0118c7, 4044),
    (0x0118c8, 4047),
    (0x0118c9, 4050),
    (0x0118ca, 4053),
    (0x0118cb, 4056),
    (0x0118cc, 4059),
    (0x0118cd, 4062),
    (0x0118ce, 4065),
    (0x0118cf, 4068),
    (0x0118d0, 4071),
    (0x0118d1, 4074),
    (0x0118d2, 4077),
    (0x0118d3, 4080),
    (0x0118d4, 4083),
    (0x0118d5, 4086),
    (0x0118d6, 4089),
    (0x0118d7, 4092),
    (0x0118d8, 4095),
    (0x0118d9, 4098),
    (0x0118da, 4101),
    (0x0118db, 4104),
    (0x0118dc, 4107),
    (0x0118dd, 4110),
    (0x0118de, 4113),
    (0x0118df, 4116),
    (0x016e60, 4119),
    (0x016e61, 4122),
    (0x016e62, 4125),
    (0x016e63, 4128),
    (0x016e64, 4131),
    (0x016e65, 4134),
    (0x016e66, 4137),
    (0x016e67, 4140),
    (0x016e68, 4143),
    (0x016e69, 4146),
    (0x016e6a, 4149),
    (0x016e6b, 4152),
    (0x016e6c, 4155),
    (0x016e6d, 4158),
    (0x016e6e, 4161),
    (0x016e6f, 4164),
    (0x016e70, 4167),
    (0x016e71, 4170),
    (0x016e72, 4173),
    (0x016e73, 4176),
    (0x016e74, 4179),
    (0x016e75, 4182),
    (0x016e76, 4185),
    (0x016e77, 4188),
    (0x016e78, 4191),
    (0x016e79, 4194),
    (0x016e7a, 4197),
    (0x016e7b, 4200),
    (0x016e7c, 4203),
    (0x016e7d, 4206),
    (0x016e7e, 4209),
    (0x016e7f, 4212),
    (0x016ebb, 4215),
    (0x016ebc, 4218),
    (0x016ebd, 4221),
    (0x016ebe, 4224),
    (0x016ebf, 4227),
    (0x016ec0, 4230),
    (0x016ec1, 4233),
    (0x016ec2, 4236),
    (0x016ec3, 4239),
    (0x016ec4, 4242),
    (0x016ec5, 4245),
    (0x016ec6, 4248),
    (0x016ec7, 4251),
    (0x016ec8, 4254),
    (0x016ec9, 4257),
    (0x016eca, 4260),
    (0x016ecb, 4263),
    (0x016ecc, 4266),
    (0x016ecd, 4269),
    (0x016ece, 4272),
    (0x016ecf, 4275),
    (0x016ed0, 4278),
    (0x016ed1, 4281),
    (0x016ed2, 4284),
    (0x016ed3, 4287),
    (0x01df41, 4290),
    (0x01df49, 4293),
    (0x01df4b, 4296),
    (0x01df4e, 4299),
    (0x01df52, 4302),
    (0x01df69, 4305),
    (0x01df6b, 4308),
    (0x01df6d, 4311),
    (0x01df6f, 4314),
    (0x01df73, 4317),
    (0x01df75, 4320),
    (0x01df77, 4323),
    (0x01df79, 4326),
    (0x01df7b, 4329),
    (0x01df7d, 4332),
    (0x01df7f, 4335),
    (0x01e922, 4338),
    (0x01e923, 4341),
    (0x01e924, 4344),
    (0x01e925, 4347),
    (0x01e926, 4350),
    (0x01e927, 4353),
    (0x01e928, 4356),
    (0x01e929, 4359),
    (0x01e92a, 4362),
    (0x01e92b, 4365),
    (0x01e92c, 4368),
    (0x01e92d, 4371),
    (0x01e92e, 4374),
    (0x01e92f, 4377),
    (0x01e930, 4380),
    (0x01e931, 4383),
    (0x01e932, 4386),
    (0x01e933, 4389),
    (0x01e934, 4392),
    (0x01e935, 4395),
    (0x01e936, 4398),
    (0x01e937, 4401),
    (0x01e938, 4404),
    (0x01e939, 4407),
    (0x01e93a, 4410),
    (0x01e93b, 4413),
    (0x01e93c, 4416),
    (0x01e93d, 4419),
    (0x01e93e, 4422),
    (0x01e93f, 4425),
    (0x01e940, 4428),
    (0x01e941, 4431),
    (0x01e942, 4434),
    (0x01e943, 4437),
];

// Fold2 key: (cp1, cp2) -> index into UNICODE_FOLDS2
pub static FOLD2_KEY: [([u32; 2], u16); 59] = [
    ([0x000061, 0x0002be], 0),
    ([0x000066, 0x000066], 4),
    ([0x000066, 0x000069], 8),
    ([0x000066, 0x00006c], 12),
    ([0x000068, 0x000331], 16),
    ([0x000069, 0x000307], 262),
    ([0x00006a, 0x00030c], 20),
    ([0x000073, 0x000073], 24),
    ([0x000073, 0x000074], 30),
    ([0x000074, 0x000308], 35),
    ([0x000077, 0x00030a], 39),
    ([0x000079, 0x00030a], 43),
    ([0x0002bc, 0x00006e], 47),
    ([0x0003ac, 0x0003b9], 51),
    ([0x0003ae, 0x0003b9], 55),
    ([0x0003b1, 0x000342], 59),
    ([0x0003b1, 0x0003b9], 63),
    ([0x0003b7, 0x000342], 68),
    ([0x0003b7, 0x0003b9], 72),
    ([0x0003b9, 0x000342], 77),
    ([0x0003c1, 0x000313], 81),
    ([0x0003c5, 0x000313], 85),
    ([0x0003c5, 0x000342], 89),
    ([0x0003c9, 0x000342], 93),
    ([0x0003c9, 0x0003b9], 97),
    ([0x0003ce, 0x0003b9], 102),
    ([0x000565, 0x000582], 106),
    ([0x000574, 0x000565], 110),
    ([0x000574, 0x00056b], 114),
    ([0x000574, 0x00056d], 118),
    ([0x000574, 0x000576], 122),
    ([0x00057e, 0x000576], 126),
    ([0x001f00, 0x0003b9], 130),
    ([0x001f01, 0x0003b9], 135),
    ([0x001f02, 0x0003b9], 140),
    ([0x001f03, 0x0003b9], 145),
    ([0x001f04, 0x0003b9], 150),
    ([0x001f05, 0x0003b9], 155),
    ([0x001f06, 0x0003b9], 160),
    ([0x001f07, 0x0003b9], 165),
    ([0x001f20, 0x0003b9], 170),
    ([0x001f21, 0x0003b9], 175),
    ([0x001f22, 0x0003b9], 180),
    ([0x001f23, 0x0003b9], 185),
    ([0x001f24, 0x0003b9], 190),
    ([0x001f25, 0x0003b9], 195),
    ([0x001f26, 0x0003b9], 200),
    ([0x001f27, 0x0003b9], 205),
    ([0x001f60, 0x0003b9], 210),
    ([0x001f61, 0x0003b9], 215),
    ([0x001f62, 0x0003b9], 220),
    ([0x001f63, 0x0003b9], 225),
    ([0x001f64, 0x0003b9], 230),
    ([0x001f65, 0x0003b9], 235),
    ([0x001f66, 0x0003b9], 240),
    ([0x001f67, 0x0003b9], 245),
    ([0x001f70, 0x0003b9], 250),
    ([0x001f74, 0x0003b9], 254),
    ([0x001f7c, 0x0003b9], 258),
];

// Fold3 key: (cp1, cp2, cp3) -> index into UNICODE_FOLDS3
pub static FOLD3_KEY: [([u32; 3], u16); 14] = [
    ([0x000066, 0x000066, 0x000069], 0),
    ([0x000066, 0x000066, 0x00006c], 5),
    ([0x0003b1, 0x000342, 0x0003b9], 10),
    ([0x0003b7, 0x000342, 0x0003b9], 15),
    ([0x0003b9, 0x000308, 0x000300], 20),
    ([0x0003b9, 0x000308, 0x000301], 25),
    ([0x0003b9, 0x000308, 0x000342], 31),
    ([0x0003c5, 0x000308, 0x000300], 36),
    ([0x0003c5, 0x000308, 0x000301], 41),
    ([0x0003c5, 0x000308, 0x000342], 47),
    ([0x0003c5, 0x000313, 0x000300], 52),
    ([0x0003c5, 0x000313, 0x000301], 57),
    ([0x0003c5, 0x000313, 0x000342], 62),
    ([0x0003c9, 0x000342, 0x0003b9], 67),
];

// Unfold key: codepoint -> (index, fold_len)
pub static UNFOLD_KEY: [(u32, i16, u8); 1606] = [
    (0x000041, 0, 1),
    (0x000042, 3, 1),
    (0x000043, 6, 1),
    (0x000044, 9, 1),
    (0x000045, 12, 1),
    (0x000046, 15, 1),
    (0x000047, 18, 1),
    (0x000048, 21, 1),
    (0x000049, 4440, 1),
    (0x00004a, 24, 1),
    (0x00004b, 27, 1),
    (0x00004c, 31, 1),
    (0x00004d, 34, 1),
    (0x00004e, 37, 1),
    (0x00004f, 40, 1),
    (0x000050, 43, 1),
    (0x000051, 46, 1),
    (0x000052, 49, 1),
    (0x000053, 52, 1),
    (0x000054, 56, 1),
    (0x000055, 59, 1),
    (0x000056, 62, 1),
    (0x000057, 65, 1),
    (0x000058, 68, 1),
    (0x000059, 71, 1),
    (0x00005a, 74, 1),
    (0x0000b5, 797, 1),
    (0x0000c0, 77, 1),
    (0x0000c1, 80, 1),
    (0x0000c2, 83, 1),
    (0x0000c3, 86, 1),
    (0x0000c4, 89, 1),
    (0x0000c5, 92, 1),
    (0x0000c6, 96, 1),
    (0x0000c7, 99, 1),
    (0x0000c8, 102, 1),
    (0x0000c9, 105, 1),
    (0x0000ca, 108, 1),
    (0x0000cb, 111, 1),
    (0x0000cc, 114, 1),
    (0x0000cd, 117, 1),
    (0x0000ce, 120, 1),
    (0x0000cf, 123, 1),
    (0x0000d0, 126, 1),
    (0x0000d1, 129, 1),
    (0x0000d2, 132, 1),
    (0x0000d3, 135, 1),
    (0x0000d4, 138, 1),
    (0x0000d5, 141, 1),
    (0x0000d6, 144, 1),
    (0x0000d8, 147, 1),
    (0x0000d9, 150, 1),
    (0x0000da, 153, 1),
    (0x0000db, 156, 1),
    (0x0000dc, 159, 1),
    (0x0000dd, 162, 1),
    (0x0000de, 165, 1),
    (0x0000df, 24, 2),
    (0x000100, 171, 1),
    (0x000102, 174, 1),
    (0x000104, 177, 1),
    (0x000106, 180, 1),
    (0x000108, 183, 1),
    (0x00010a, 186, 1),
    (0x00010c, 189, 1),
    (0x00010e, 192, 1),
    (0x000110, 195, 1),
    (0x000112, 198, 1),
    (0x000114, 201, 1),
    (0x000116, 204, 1),
    (0x000118, 207, 1),
    (0x00011a, 210, 1),
    (0x00011c, 213, 1),
    (0x00011e, 216, 1),
    (0x000120, 219, 1),
    (0x000122, 222, 1),
    (0x000124, 225, 1),
    (0x000126, 228, 1),
    (0x000128, 231, 1),
    (0x00012a, 234, 1),
    (0x00012c, 237, 1),
    (0x00012e, 240, 1),
    (0x000130, 262, 2),
    (0x000132, 243, 1),
    (0x000134, 246, 1),
    (0x000136, 249, 1),
    (0x000139, 252, 1),
    (0x00013b, 255, 1),
    (0x00013d, 258, 1),
    (0x00013f, 261, 1),
    (0x000141, 264, 1),
    (0x000143, 267, 1),
    (0x000145, 270, 1),
    (0x000147, 273, 1),
    (0x000149, 47, 2),
    (0x00014a, 276, 1),
    (0x00014c, 279, 1),
    (0x00014e, 282, 1),
    (0x000150, 285, 1),
    (0x000152, 288, 1),
    (0x000154, 291, 1),
    (0x000156, 294, 1),
    (0x000158, 297, 1),
    (0x00015a, 300, 1),
    (0x00015c, 303, 1),
    (0x00015e, 306, 1),
    (0x000160, 309, 1),
    (0x000162, 312, 1),
    (0x000164, 315, 1),
    (0x000166, 318, 1),
    (0x000168, 321, 1),
    (0x00016a, 324, 1),
    (0x00016c, 327, 1),
    (0x00016e, 330, 1),
    (0x000170, 333, 1),
    (0x000172, 336, 1),
    (0x000174, 339, 1),
    (0x000176, 342, 1),
    (0x000178, 168, 1),
    (0x000179, 345, 1),
    (0x00017b, 348, 1),
    (0x00017d, 351, 1),
    (0x00017f, 52, 1),
    (0x000181, 616, 1),
    (0x000182, 357, 1),
    (0x000184, 360, 1),
    (0x000186, 619, 1),
    (0x000187, 363, 1),
    (0x000189, 622, 1),
    (0x00018a, 625, 1),
    (0x00018b, 366, 1),
    (0x00018e, 456, 1),
    (0x00018f, 628, 1),
    (0x000190, 631, 1),
    (0x000191, 369, 1),
    (0x000193, 637, 1),
    (0x000194, 643, 1),
    (0x000196, 658, 1),
    (0x000197, 655, 1),
    (0x000198, 375, 1),
    (0x00019c, 670, 1),
    (0x00019d, 676, 1),
    (0x00019f, 679, 1),
    (0x0001a0, 387, 1),
    (0x0001a2, 390, 1),
    (0x0001a4, 393, 1),
    (0x0001a6, 691, 1),
    (0x0001a7, 396, 1),
    (0x0001a9, 697, 1),
    (0x0001ac, 399, 1),
    (0x0001ae, 703, 1),
    (0x0001af, 402, 1),
    (0x0001b1, 709, 1),
    (0x0001b2, 712, 1),
    (0x0001b3, 405, 1),
    (0x0001b5, 408, 1),
    (0x0001b7, 718, 1),
    (0x0001b8, 411, 1),
    (0x0001bc, 414, 1),
    (0x0001c4, 420, 1),
    (0x0001c5, 420, 1),
    (0x0001c7, 424, 1),
    (0x0001c8, 424, 1),
    (0x0001ca, 428, 1),
    (0x0001cb, 428, 1),
    (0x0001cd, 432, 1),
    (0x0001cf, 435, 1),
    (0x0001d1, 438, 1),
    (0x0001d3, 441, 1),
    (0x0001d5, 444, 1),
    (0x0001d7, 447, 1),
    (0x0001d9, 450, 1),
    (0x0001db, 453, 1),
    (0x0001de, 459, 1),
    (0x0001e0, 462, 1),
    (0x0001e2, 465, 1),
    (0x0001e4, 468, 1),
    (0x0001e6, 471, 1),
    (0x0001e8, 474, 1),
    (0x0001ea, 477, 1),
    (0x0001ec, 480, 1),
    (0x0001ee, 483, 1),
    (0x0001f0, 20, 2),
    (0x0001f1, 486, 1),
    (0x0001f2, 486, 1),
    (0x0001f4, 490, 1),
    (0x0001f6, 372, 1),
    (0x0001f7, 417, 1),
    (0x0001f8, 493, 1),
    (0x0001fa, 496, 1),
    (0x0001fc, 499, 1),
    (0x0001fe, 502, 1),
    (0x000200, 505, 1),
    (0x000202, 508, 1),
    (0x000204, 511, 1),
    (0x000206, 514, 1),
    (0x000208, 517, 1),
    (0x00020a, 520, 1),
    (0x00020c, 523, 1),
    (0x00020e, 526, 1),
    (0x000210, 529, 1),
    (0x000212, 532, 1),
    (0x000214, 535, 1),
    (0x000216, 538, 1),
    (0x000218, 541, 1),
    (0x00021a, 544, 1),
    (0x00021c, 547, 1),
    (0x00021e, 550, 1),
    (0x000220, 384, 1),
    (0x000222, 553, 1),
    (0x000224, 556, 1),
    (0x000226, 559, 1),
    (0x000228, 562, 1),
    (0x00022a, 565, 1),
    (0x00022c, 568, 1),
    (0x00022e, 571, 1),
    (0x000230, 574, 1),
    (0x000232, 577, 1),
    (0x00023a, 2738, 1),
    (0x00023b, 580, 1),
    (0x00023d, 378, 1),
    (0x00023e, 2741, 1),
    (0x000241, 589, 1),
    (0x000243, 354, 1),
    (0x000244, 706, 1),
    (0x000245, 715, 1),
    (0x000246, 592, 1),
    (0x000248, 595, 1),
    (0x00024a, 598, 1),
    (0x00024c, 601, 1),
    (0x00024e, 604, 1),
    (0x000345, 785, 1),
    (0x000370, 727, 1),
    (0x000372, 730, 1),
    (0x000376, 733, 1),
    (0x00037f, 899, 1),
    (0x000386, 745, 1),
    (0x000388, 748, 1),
    (0x000389, 751, 1),
    (0x00038a, 754, 1),
    (0x00038c, 848, 1),
    (0x00038e, 851, 1),
    (0x00038f, 854, 1),
    (0x000390, 25, 3),
    (0x000391, 757, 1),
    (0x000392, 760, 1),
    (0x000393, 764, 1),
    (0x000394, 767, 1),
    (0x000395, 770, 1),
    (0x000396, 774, 1),
    (0x000397, 777, 1),
    (0x000398, 780, 1),
    (0x000399, 785, 1),
    (0x00039a, 790, 1),
    (0x00039b, 794, 1),
    (0x00039c, 797, 1),
    (0x00039d, 801, 1),
    (0x00039e, 804, 1),
    (0x00039f, 807, 1),
    (0x0003a0, 810, 1),
    (0x0003a1, 814, 1),
    (0x0003a3, 818, 1),
    (0x0003a4, 822, 1),
    (0x0003a5, 825, 1),
    (0x0003a6, 828, 1),
    (0x0003a7, 832, 1),
    (0x0003a8, 835, 1),
    (0x0003a9, 838, 1),
    (0x0003aa, 842, 1),
    (0x0003ab, 845, 1),
    (0x0003b0, 41, 3),
    (0x0003c2, 818, 1),
    (0x0003cf, 857, 1),
    (0x0003d0, 760, 1),
    (0x0003d1, 780, 1),
    (0x0003d5, 828, 1),
    (0x0003d6, 810, 1),
    (0x0003d8, 860, 1),
    (0x0003da, 863, 1),
    (0x0003dc, 866, 1),
    (0x0003de, 869, 1),
    (0x0003e0, 872, 1),
    (0x0003e2, 875, 1),
    (0x0003e4, 878, 1),
    (0x0003e6, 881, 1),
    (0x0003e8, 884, 1),
    (0x0003ea, 887, 1),
    (0x0003ec, 890, 1),
    (0x0003ee, 893, 1),
    (0x0003f0, 790, 1),
    (0x0003f1, 814, 1),
    (0x0003f4, 780, 1),
    (0x0003f5, 770, 1),
    (0x0003f7, 902, 1),
    (0x0003f9, 896, 1),
    (0x0003fa, 905, 1),
    (0x0003fd, 736, 1),
    (0x0003fe, 739, 1),
    (0x0003ff, 742, 1),
    (0x000400, 1011, 1),
    (0x000401, 1014, 1),
    (0x000402, 1017, 1),
    (0x000403, 1020, 1),
    (0x000404, 1023, 1),
    (0x000405, 1026, 1),
    (0x000406, 1029, 1),
    (0x000407, 1032, 1),
    (0x000408, 1035, 1),
    (0x000409, 1038, 1),
    (0x00040a, 1041, 1),
    (0x00040b, 1044, 1),
    (0x00040c, 1047, 1),
    (0x00040d, 1050, 1),
    (0x00040e, 1053, 1),
    (0x00040f, 1056, 1),
    (0x000410, 908, 1),
    (0x000411, 911, 1),
    (0x000412, 914, 1),
    (0x000413, 918, 1),
    (0x000414, 921, 1),
    (0x000415, 925, 1),
    (0x000416, 928, 1),
    (0x000417, 931, 1),
    (0x000418, 934, 1),
    (0x000419, 937, 1),
    (0x00041a, 940, 1),
    (0x00041b, 943, 1),
    (0x00041c, 946, 1),
    (0x00041d, 949, 1),
    (0x00041e, 952, 1),
    (0x00041f, 956, 1),
    (0x000420, 959, 1),
    (0x000421, 962, 1),
    (0x000422, 966, 1),
    (0x000423, 971, 1),
    (0x000424, 974, 1),
    (0x000425, 977, 1),
    (0x000426, 980, 1),
    (0x000427, 983, 1),
    (0x000428, 986, 1),
    (0x000429, 989, 1),
    (0x00042a, 992, 1),
    (0x00042b, 996, 1),
    (0x00042c, 999, 1),
    (0x00042d, 1002, 1),
    (0x00042e, 1005, 1),
    (0x00042f, 1008, 1),
    (0x000460, 1059, 1),
    (0x000462, 1062, 1),
    (0x000464, 1066, 1),
    (0x000466, 1069, 1),
    (0x000468, 1072, 1),
    (0x00046a, 1075, 1),
    (0x00046c, 1078, 1),
    (0x00046e, 1081, 1),
    (0x000470, 1084, 1),
    (0x000472, 1087, 1),
    (0x000474, 1090, 1),
    (0x000476, 1093, 1),
    (0x000478, 1096, 1),
    (0x00047a, 1099, 1),
    (0x00047c, 1102, 1),
    (0x00047e, 1105, 1),
    (0x000480, 1108, 1),
    (0x00048a, 1111, 1),
    (0x00048c, 1114, 1),
    (0x00048e, 1117, 1),
    (0x000490, 1120, 1),
    (0x000492, 1123, 1),
    (0x000494, 1126, 1),
    (0x000496, 1129, 1),
    (0x000498, 1132, 1),
    (0x00049a, 1135, 1),
    (0x00049c, 1138, 1),
    (0x00049e, 1141, 1),
    (0x0004a0, 1144, 1),
    (0x0004a2, 1147, 1),
    (0x0004a4, 1150, 1),
    (0x0004a6, 1153, 1),
    (0x0004a8, 1156, 1),
    (0x0004aa, 1159, 1),
    (0x0004ac, 1162, 1),
    (0x0004ae, 1165, 1),
    (0x0004b0, 1168, 1),
    (0x0004b2, 1171, 1),
    (0x0004b4, 1174, 1),
    (0x0004b6, 1177, 1),
    (0x0004b8, 1180, 1),
    (0x0004ba, 1183, 1),
    (0x0004bc, 1186, 1),
    (0x0004be, 1189, 1),
    (0x0004c0, 1213, 1),
    (0x0004c1, 1192, 1),
    (0x0004c3, 1195, 1),
    (0x0004c5, 1198, 1),
    (0x0004c7, 1201, 1),
    (0x0004c9, 1204, 1),
    (0x0004cb, 1207, 1),
    (0x0004cd, 1210, 1),
    (0x0004d0, 1216, 1),
    (0x0004d2, 1219, 1),
    (0x0004d4, 1222, 1),
    (0x0004d6, 1225, 1),
    (0x0004d8, 1228, 1),
    (0x0004da, 1231, 1),
    (0x0004dc, 1234, 1),
    (0x0004de, 1237, 1),
    (0x0004e0, 1240, 1),
    (0x0004e2, 1243, 1),
    (0x0004e4, 1246, 1),
    (0x0004e6, 1249, 1),
    (0x0004e8, 1252, 1),
    (0x0004ea, 1255, 1),
    (0x0004ec, 1258, 1),
    (0x0004ee, 1261, 1),
    (0x0004f0, 1264, 1),
    (0x0004f2, 1267, 1),
    (0x0004f4, 1270, 1),
    (0x0004f6, 1273, 1),
    (0x0004f8, 1276, 1),
    (0x0004fa, 1279, 1),
    (0x0004fc, 1282, 1),
    (0x0004fe, 1285, 1),
    (0x000500, 1288, 1),
    (0x000502, 1291, 1),
    (0x000504, 1294, 1),
    (0x000506, 1297, 1),
    (0x000508, 1300, 1),
    (0x00050a, 1303, 1),
    (0x00050c, 1306, 1),
    (0x00050e, 1309, 1),
    (0x000510, 1312, 1),
    (0x000512, 1315, 1),
    (0x000514, 1318, 1),
    (0x000516, 1321, 1),
    (0x000518, 1324, 1),
    (0x00051a, 1327, 1),
    (0x00051c, 1330, 1),
    (0x00051e, 1333, 1),
    (0x000520, 1336, 1),
    (0x000522, 1339, 1),
    (0x000524, 1342, 1),
    (0x000526, 1345, 1),
    (0x000528, 1348, 1),
    (0x00052a, 1351, 1),
    (0x00052c, 1354, 1),
    (0x00052e, 1357, 1),
    (0x000531, 1360, 1),
    (0x000532, 1363, 1),
    (0x000533, 1366, 1),
    (0x000534, 1369, 1),
    (0x000535, 1372, 1),
    (0x000536, 1375, 1),
    (0x000537, 1378, 1),
    (0x000538, 1381, 1),
    (0x000539, 1384, 1),
    (0x00053a, 1387, 1),
    (0x00053b, 1390, 1),
    (0x00053c, 1393, 1),
    (0x00053d, 1396, 1),
    (0x00053e, 1399, 1),
    (0x00053f, 1402, 1),
    (0x000540, 1405, 1),
    (0x000541, 1408, 1),
    (0x000542, 1411, 1),
    (0x000543, 1414, 1),
    (0x000544, 1417, 1),
    (0x000545, 1420, 1),
    (0x000546, 1423, 1),
    (0x000547, 1426, 1),
    (0x000548, 1429, 1),
    (0x000549, 1432, 1),
    (0x00054a, 1435, 1),
    (0x00054b, 1438, 1),
    (0x00054c, 1441, 1),
    (0x00054d, 1444, 1),
    (0x00054e, 1447, 1),
    (0x00054f, 1450, 1),
    (0x000550, 1453, 1),
    (0x000551, 1456, 1),
    (0x000552, 1459, 1),
    (0x000553, 1462, 1),
    (0x000554, 1465, 1),
    (0x000555, 1468, 1),
    (0x000556, 1471, 1),
    (0x000587, 106, 2),
    (0x0010a0, 2918, 1),
    (0x0010a1, 2921, 1),
    (0x0010a2, 2924, 1),
    (0x0010a3, 2927, 1),
    (0x0010a4, 2930, 1),
    (0x0010a5, 2933, 1),
    (0x0010a6, 2936, 1),
    (0x0010a7, 2939, 1),
    (0x0010a8, 2942, 1),
    (0x0010a9, 2945, 1),
    (0x0010aa, 2948, 1),
    (0x0010ab, 2951, 1),
    (0x0010ac, 2954, 1),
    (0x0010ad, 2957, 1),
    (0x0010ae, 2960, 1),
    (0x0010af, 2963, 1),
    (0x0010b0, 2966, 1),
    (0x0010b1, 2969, 1),
    (0x0010b2, 2972, 1),
    (0x0010b3, 2975, 1),
    (0x0010b4, 2978, 1),
    (0x0010b5, 2981, 1),
    (0x0010b6, 2984, 1),
    (0x0010b7, 2987, 1),
    (0x0010b8, 2990, 1),
    (0x0010b9, 2993, 1),
    (0x0010ba, 2996, 1),
    (0x0010bb, 2999, 1),
    (0x0010bc, 3002, 1),
    (0x0010bd, 3005, 1),
    (0x0010be, 3008, 1),
    (0x0010bf, 3011, 1),
    (0x0010c0, 3014, 1),
    (0x0010c1, 3017, 1),
    (0x0010c2, 3020, 1),
    (0x0010c3, 3023, 1),
    (0x0010c4, 3026, 1),
    (0x0010c5, 3029, 1),
    (0x0010c7, 3032, 1),
    (0x0010cd, 3035, 1),
    (0x0013f8, 1852, 1),
    (0x0013f9, 1855, 1),
    (0x0013fa, 1858, 1),
    (0x0013fb, 1861, 1),
    (0x0013fc, 1864, 1),
    (0x0013fd, 1867, 1),
    (0x001c80, 914, 1),
    (0x001c81, 921, 1),
    (0x001c82, 952, 1),
    (0x001c83, 962, 1),
    (0x001c84, 966, 1),
    (0x001c85, 966, 1),
    (0x001c86, 992, 1),
    (0x001c87, 1062, 1),
    (0x001c88, 3053, 1),
    (0x001c89, 1870, 1),
    (0x001c90, 1474, 1),
    (0x001c91, 1477, 1),
    (0x001c92, 1480, 1),
    (0x001c93, 1483, 1),
    (0x001c94, 1486, 1),
    (0x001c95, 1489, 1),
    (0x001c96, 1492, 1),
    (0x001c97, 1495, 1),
    (0x001c98, 1498, 1),
    (0x001c99, 1501, 1),
    (0x001c9a, 1504, 1),
    (0x001c9b, 1507, 1),
    (0x001c9c, 1510, 1),
    (0x001c9d, 1513, 1),
    (0x001c9e, 1516, 1),
    (0x001c9f, 1519, 1),
    (0x001ca0, 1522, 1),
    (0x001ca1, 1525, 1),
    (0x001ca2, 1528, 1),
    (0x001ca3, 1531, 1),
    (0x001ca4, 1534, 1),
    (0x001ca5, 1537, 1),
    (0x001ca6, 1540, 1),
    (0x001ca7, 1543, 1),
    (0x001ca8, 1546, 1),
    (0x001ca9, 1549, 1),
    (0x001caa, 1552, 1),
    (0x001cab, 1555, 1),
    (0x001cac, 1558, 1),
    (0x001cad, 1561, 1),
    (0x001cae, 1564, 1),
    (0x001caf, 1567, 1),
    (0x001cb0, 1570, 1),
    (0x001cb1, 1573, 1),
    (0x001cb2, 1576, 1),
    (0x001cb3, 1579, 1),
    (0x001cb4, 1582, 1),
    (0x001cb5, 1585, 1),
    (0x001cb6, 1588, 1),
    (0x001cb7, 1591, 1),
    (0x001cb8, 1594, 1),
    (0x001cb9, 1597, 1),
    (0x001cba, 1600, 1),
    (0x001cbd, 1603, 1),
    (0x001cbe, 1606, 1),
    (0x001cbf, 1609, 1),
    (0x001e00, 1882, 1),
    (0x001e02, 1885, 1),
    (0x001e04, 1888, 1),
    (0x001e06, 1891, 1),
    (0x001e08, 1894, 1),
    (0x001e0a, 1897, 1),
    (0x001e0c, 1900, 1),
    (0x001e0e, 1903, 1),
    (0x001e10, 1906, 1),
    (0x001e12, 1909, 1),
    (0x001e14, 1912, 1),
    (0x001e16, 1915, 1),
    (0x001e18, 1918, 1),
    (0x001e1a, 1921, 1),
    (0x001e1c, 1924, 1),
    (0x001e1e, 1927, 1),
    (0x001e20, 1930, 1),
    (0x001e22, 1933, 1),
    (0x001e24, 1936, 1),
    (0x001e26, 1939, 1),
    (0x001e28, 1942, 1),
    (0x001e2a, 1945, 1),
    (0x001e2c, 1948, 1),
    (0x001e2e, 1951, 1),
    (0x001e30, 1954, 1),
    (0x001e32, 1957, 1),
    (0x001e34, 1960, 1),
    (0x001e36, 1963, 1),
    (0x001e38, 1966, 1),
    (0x001e3a, 1969, 1),
    (0x001e3c, 1972, 1),
    (0x001e3e, 1975, 1),
    (0x001e40, 1978, 1),
    (0x001e42, 1981, 1),
    (0x001e44, 1984, 1),
    (0x001e46, 1987, 1),
    (0x001e48, 1990, 1),
    (0x001e4a, 1993, 1),
    (0x001e4c, 1996, 1),
    (0x001e4e, 1999, 1),
    (0x001e50, 2002, 1),
    (0x001e52, 2005, 1),
    (0x001e54, 2008, 1),
    (0x001e56, 2011, 1),
    (0x001e58, 2014, 1),
    (0x001e5a, 2017, 1),
    (0x001e5c, 2020, 1),
    (0x001e5e, 2023, 1),
    (0x001e60, 2026, 1),
    (0x001e62, 2030, 1),
    (0x001e64, 2033, 1),
    (0x001e66, 2036, 1),
    (0x001e68, 2039, 1),
    (0x001e6a, 2042, 1),
    (0x001e6c, 2045, 1),
    (0x001e6e, 2048, 1),
    (0x001e70, 2051, 1),
    (0x001e72, 2054, 1),
    (0x001e74, 2057, 1),
    (0x001e76, 2060, 1),
    (0x001e78, 2063, 1),
    (0x001e7a, 2066, 1),
    (0x001e7c, 2069, 1),
    (0x001e7e, 2072, 1),
    (0x001e80, 2075, 1),
    (0x001e82, 2078, 1),
    (0x001e84, 2081, 1),
    (0x001e86, 2084, 1),
    (0x001e88, 2087, 1),
    (0x001e8a, 2090, 1),
    (0x001e8c, 2093, 1),
    (0x001e8e, 2096, 1),
    (0x001e90, 2099, 1),
    (0x001e92, 2102, 1),
    (0x001e94, 2105, 1),
    (0x001e96, 16, 2),
    (0x001e97, 35, 2),
    (0x001e98, 39, 2),
    (0x001e99, 43, 2),
    (0x001e9a, 0, 2),
    (0x001e9b, 2026, 1),
    (0x001e9e, 24, 2),
    (0x001ea0, 2108, 1),
    (0x001ea2, 2111, 1),
    (0x001ea4, 2114, 1),
    (0x001ea6, 2117, 1),
    (0x001ea8, 2120, 1),
    (0x001eaa, 2123, 1),
    (0x001eac, 2126, 1),
    (0x001eae, 2129, 1),
    (0x001eb0, 2132, 1),
    (0x001eb2, 2135, 1),
    (0x001eb4, 2138, 1),
    (0x001eb6, 2141, 1),
    (0x001eb8, 2144, 1),
    (0x001eba, 2147, 1),
    (0x001ebc, 2150, 1),
    (0x001ebe, 2153, 1),
    (0x001ec0, 2156, 1),
    (0x001ec2, 2159, 1),
    (0x001ec4, 2162, 1),
    (0x001ec6, 2165, 1),
    (0x001ec8, 2168, 1),
    (0x001eca, 2171, 1),
    (0x001ecc, 2174, 1),
    (0x001ece, 2177, 1),
    (0x001ed0, 2180, 1),
    (0x001ed2, 2183, 1),
    (0x001ed4, 2186, 1),
    (0x001ed6, 2189, 1),
    (0x001ed8, 2192, 1),
    (0x001eda, 2195, 1),
    (0x001edc, 2198, 1),
    (0x001ede, 2201, 1),
    (0x001ee0, 2204, 1),
    (0x001ee2, 2207, 1),
    (0x001ee4, 2210, 1),
    (0x001ee6, 2213, 1),
    (0x001ee8, 2216, 1),
    (0x001eea, 2219, 1),
    (0x001eec, 2222, 1),
    (0x001eee, 2225, 1),
    (0x001ef0, 2228, 1),
    (0x001ef2, 2231, 1),
    (0x001ef4, 2234, 1),
    (0x001ef6, 2237, 1),
    (0x001ef8, 2240, 1),
    (0x001efa, 2243, 1),
    (0x001efc, 2246, 1),
    (0x001efe, 2249, 1),
    (0x001f08, 2252, 1),
    (0x001f09, 2255, 1),
    (0x001f0a, 2258, 1),
    (0x001f0b, 2261, 1),
    (0x001f0c, 2264, 1),
    (0x001f0d, 2267, 1),
    (0x001f0e, 2270, 1),
    (0x001f0f, 2273, 1),
    (0x001f18, 2276, 1),
    (0x001f19, 2279, 1),
    (0x001f1a, 2282, 1),
    (0x001f1b, 2285, 1),
    (0x001f1c, 2288, 1),
    (0x001f1d, 2291, 1),
    (0x001f28, 2294, 1),
    (0x001f29, 2297, 1),
    (0x001f2a, 2300, 1),
    (0x001f2b, 2303, 1),
    (0x001f2c, 2306, 1),
    (0x001f2d, 2309, 1),
    (0x001f2e, 2312, 1),
    (0x001f2f, 2315, 1),
    (0x001f38, 2318, 1),
    (0x001f39, 2321, 1),
    (0x001f3a, 2324, 1),
    (0x001f3b, 2327, 1),
    (0x001f3c, 2330, 1),
    (0x001f3d, 2333, 1),
    (0x001f3e, 2336, 1),
    (0x001f3f, 2339, 1),
    (0x001f48, 2342, 1),
    (0x001f49, 2345, 1),
    (0x001f4a, 2348, 1),
    (0x001f4b, 2351, 1),
    (0x001f4c, 2354, 1),
    (0x001f4d, 2357, 1),
    (0x001f50, 85, 2),
    (0x001f52, 52, 3),
    (0x001f54, 57, 3),
    (0x001f56, 62, 3),
    (0x001f59, 2360, 1),
    (0x001f5b, 2363, 1),
    (0x001f5d, 2366, 1),
    (0x001f5f, 2369, 1),
    (0x001f68, 2372, 1),
    (0x001f69, 2375, 1),
    (0x001f6a, 2378, 1),
    (0x001f6b, 2381, 1),
    (0x001f6c, 2384, 1),
    (0x001f6d, 2387, 1),
    (0x001f6e, 2390, 1),
    (0x001f6f, 2393, 1),
    (0x001f80, 130, 2),
    (0x001f81, 135, 2),
    (0x001f82, 140, 2),
    (0x001f83, 145, 2),
    (0x001f84, 150, 2),
    (0x001f85, 155, 2),
    (0x001f86, 160, 2),
    (0x001f87, 165, 2),
    (0x001f88, 130, 2),
    (0x001f89, 135, 2),
    (0x001f8a, 140, 2),
    (0x001f8b, 145, 2),
    (0x001f8c, 150, 2),
    (0x001f8d, 155, 2),
    (0x001f8e, 160, 2),
    (0x001f8f, 165, 2),
    (0x001f90, 170, 2),
    (0x001f91, 175, 2),
    (0x001f92, 180, 2),
    (0x001f93, 185, 2),
    (0x001f94, 190, 2),
    (0x001f95, 195, 2),
    (0x001f96, 200, 2),
    (0x001f97, 205, 2),
    (0x001f98, 170, 2),
    (0x001f99, 175, 2),
    (0x001f9a, 180, 2),
    (0x001f9b, 185, 2),
    (0x001f9c, 190, 2),
    (0x001f9d, 195, 2),
    (0x001f9e, 200, 2),
    (0x001f9f, 205, 2),
    (0x001fa0, 210, 2),
    (0x001fa1, 215, 2),
    (0x001fa2, 220, 2),
    (0x001fa3, 225, 2),
    (0x001fa4, 230, 2),
    (0x001fa5, 235, 2),
    (0x001fa6, 240, 2),
    (0x001fa7, 245, 2),
    (0x001fa8, 210, 2),
    (0x001fa9, 215, 2),
    (0x001faa, 220, 2),
    (0x001fab, 225, 2),
    (0x001fac, 230, 2),
    (0x001fad, 235, 2),
    (0x001fae, 240, 2),
    (0x001faf, 245, 2),
    (0x001fb2, 250, 2),
    (0x001fb3, 63, 2),
    (0x001fb4, 51, 2),
    (0x001fb6, 59, 2),
    (0x001fb7, 10, 3),
    (0x001fb8, 2438, 1),
    (0x001fb9, 2441, 1),
    (0x001fba, 2396, 1),
    (0x001fbb, 2399, 1),
    (0x001fbc, 63, 2),
    (0x001fbe, 785, 1),
    (0x001fc2, 254, 2),
    (0x001fc3, 72, 2),
    (0x001fc4, 55, 2),
    (0x001fc6, 68, 2),
    (0x001fc7, 15, 3),
    (0x001fc8, 2402, 1),
    (0x001fc9, 2405, 1),
    (0x001fca, 2408, 1),
    (0x001fcb, 2411, 1),
    (0x001fcc, 72, 2),
    (0x001fd2, 20, 3),
    (0x001fd3, 25, 3),
    (0x001fd6, 77, 2),
    (0x001fd7, 31, 3),
    (0x001fd8, 2444, 1),
    (0x001fd9, 2447, 1),
    (0x001fda, 2414, 1),
    (0x001fdb, 2417, 1),
    (0x001fe2, 36, 3),
    (0x001fe3, 41, 3),
    (0x001fe4, 81, 2),
    (0x001fe6, 89, 2),
    (0x001fe7, 47, 3),
    (0x001fe8, 2450, 1),
    (0x001fe9, 2453, 1),
    (0x001fea, 2426, 1),
    (0x001feb, 2429, 1),
    (0x001fec, 2456, 1),
    (0x001ff2, 258, 2),
    (0x001ff3, 97, 2),
    (0x001ff4, 102, 2),
    (0x001ff6, 93, 2),
    (0x001ff7, 67, 3),
    (0x001ff8, 2420, 1),
    (0x001ff9, 2423, 1),
    (0x001ffa, 2432, 1),
    (0x001ffb, 2435, 1),
    (0x001ffc, 97, 2),
    (0x002126, 838, 1),
    (0x00212a, 27, 1),
    (0x00212b, 92, 1),
    (0x002132, 2459, 1),
    (0x002160, 2462, 1),
    (0x002161, 2465, 1),
    (0x002162, 2468, 1),
    (0x002163, 2471, 1),
    (0x002164, 2474, 1),
    (0x002165, 2477, 1),
    (0x002166, 2480, 1),
    (0x002167, 2483, 1),
    (0x002168, 2486, 1),
    (0x002169, 2489, 1),
    (0x00216a, 2492, 1),
    (0x00216b, 2495, 1),
    (0x00216c, 2498, 1),
    (0x00216d, 2501, 1),
    (0x00216e, 2504, 1),
    (0x00216f, 2507, 1),
    (0x002183, 2510, 1),
    (0x0024b6, 2513, 1),
    (0x0024b7, 2516, 1),
    (0x0024b8, 2519, 1),
    (0x0024b9, 2522, 1),
    (0x0024ba, 2525, 1),
    (0x0024bb, 2528, 1),
    (0x0024bc, 2531, 1),
    (0x0024bd, 2534, 1),
    (0x0024be, 2537, 1),
    (0x0024bf, 2540, 1),
    (0x0024c0, 2543, 1),
    (0x0024c1, 2546, 1),
    (0x0024c2, 2549, 1),
    (0x0024c3, 2552, 1),
    (0x0024c4, 2555, 1),
    (0x0024c5, 2558, 1),
    (0x0024c6, 2561, 1),
    (0x0024c7, 2564, 1),
    (0x0024c8, 2567, 1),
    (0x0024c9, 2570, 1),
    (0x0024ca, 2573, 1),
    (0x0024cb, 2576, 1),
    (0x0024cc, 2579, 1),
    (0x0024cd, 2582, 1),
    (0x0024ce, 2585, 1),
    (0x0024cf, 2588, 1),
    (0x002c00, 2591, 1),
    (0x002c01, 2594, 1),
    (0x002c02, 2597, 1),
    (0x002c03, 2600, 1),
    (0x002c04, 2603, 1),
    (0x002c05, 2606, 1),
    (0x002c06, 2609, 1),
    (0x002c07, 2612, 1),
    (0x002c08, 2615, 1),
    (0x002c09, 2618, 1),
    (0x002c0a, 2621, 1),
    (0x002c0b, 2624, 1),
    (0x002c0c, 2627, 1),
    (0x002c0d, 2630, 1),
    (0x002c0e, 2633, 1),
    (0x002c0f, 2636, 1),
    (0x002c10, 2639, 1),
    (0x002c11, 2642, 1),
    (0x002c12, 2645, 1),
    (0x002c13, 2648, 1),
    (0x002c14, 2651, 1),
    (0x002c15, 2654, 1),
    (0x002c16, 2657, 1),
    (0x002c17, 2660, 1),
    (0x002c18, 2663, 1),
    (0x002c19, 2666, 1),
    (0x002c1a, 2669, 1),
    (0x002c1b, 2672, 1),
    (0x002c1c, 2675, 1),
    (0x002c1d, 2678, 1),
    (0x002c1e, 2681, 1),
    (0x002c1f, 2684, 1),
    (0x002c20, 2687, 1),
    (0x002c21, 2690, 1),
    (0x002c22, 2693, 1),
    (0x002c23, 2696, 1),
    (0x002c24, 2699, 1),
    (0x002c25, 2702, 1),
    (0x002c26, 2705, 1),
    (0x002c27, 2708, 1),
    (0x002c28, 2711, 1),
    (0x002c29, 2714, 1),
    (0x002c2a, 2717, 1),
    (0x002c2b, 2720, 1),
    (0x002c2c, 2723, 1),
    (0x002c2d, 2726, 1),
    (0x002c2e, 2729, 1),
    (0x002c2f, 2732, 1),
    (0x002c60, 2735, 1),
    (0x002c62, 664, 1),
    (0x002c63, 1876, 1),
    (0x002c64, 688, 1),
    (0x002c67, 2744, 1),
    (0x002c69, 2747, 1),
    (0x002c6b, 2750, 1),
    (0x002c6d, 610, 1),
    (0x002c6e, 673, 1),
    (0x002c6f, 607, 1),
    (0x002c70, 613, 1),
    (0x002c72, 2753, 1),
    (0x002c75, 2756, 1),
    (0x002c7e, 583, 1),
    (0x002c7f, 586, 1),
    (0x002c80, 2759, 1),
    (0x002c82, 2762, 1),
    (0x002c84, 2765, 1),
    (0x002c86, 2768, 1),
    (0x002c88, 2771, 1),
    (0x002c8a, 2774, 1),
    (0x002c8c, 2777, 1),
    (0x002c8e, 2780, 1),
    (0x002c90, 2783, 1),
    (0x002c92, 2786, 1),
    (0x002c94, 2789, 1),
    (0x002c96, 2792, 1),
    (0x002c98, 2795, 1),
    (0x002c9a, 2798, 1),
    (0x002c9c, 2801, 1),
    (0x002c9e, 2804, 1),
    (0x002ca0, 2807, 1),
    (0x002ca2, 2810, 1),
    (0x002ca4, 2813, 1),
    (0x002ca6, 2816, 1),
    (0x002ca8, 2819, 1),
    (0x002caa, 2822, 1),
    (0x002cac, 2825, 1),
    (0x002cae, 2828, 1),
    (0x002cb0, 2831, 1),
    (0x002cb2, 2834, 1),
    (0x002cb4, 2837, 1),
    (0x002cb6, 2840, 1),
    (0x002cb8, 2843, 1),
    (0x002cba, 2846, 1),
    (0x002cbc, 2849, 1),
    (0x002cbe, 2852, 1),
    (0x002cc0, 2855, 1),
    (0x002cc2, 2858, 1),
    (0x002cc4, 2861, 1),
    (0x002cc6, 2864, 1),
    (0x002cc8, 2867, 1),
    (0x002cca, 2870, 1),
    (0x002ccc, 2873, 1),
    (0x002cce, 2876, 1),
    (0x002cd0, 2879, 1),
    (0x002cd2, 2882, 1),
    (0x002cd4, 2885, 1),
    (0x002cd6, 2888, 1),
    (0x002cd8, 2891, 1),
    (0x002cda, 2894, 1),
    (0x002cdc, 2897, 1),
    (0x002cde, 2900, 1),
    (0x002ce0, 2903, 1),
    (0x002ce2, 2906, 1),
    (0x002ceb, 2909, 1),
    (0x002ced, 2912, 1),
    (0x002cf2, 2915, 1),
    (0x00a640, 3038, 1),
    (0x00a642, 3041, 1),
    (0x00a644, 3044, 1),
    (0x00a646, 3047, 1),
    (0x00a648, 3050, 1),
    (0x00a64a, 3053, 1),
    (0x00a64c, 3057, 1),
    (0x00a64e, 3060, 1),
    (0x00a650, 3063, 1),
    (0x00a652, 3066, 1),
    (0x00a654, 3069, 1),
    (0x00a656, 3072, 1),
    (0x00a658, 3075, 1),
    (0x00a65a, 3078, 1),
    (0x00a65c, 3081, 1),
    (0x00a65e, 3084, 1),
    (0x00a660, 3087, 1),
    (0x00a662, 3090, 1),
    (0x00a664, 3093, 1),
    (0x00a666, 3096, 1),
    (0x00a668, 3099, 1),
    (0x00a66a, 3102, 1),
    (0x00a66c, 3105, 1),
    (0x00a680, 3108, 1),
    (0x00a682, 3111, 1),
    (0x00a684, 3114, 1),
    (0x00a686, 3117, 1),
    (0x00a688, 3120, 1),
    (0x00a68a, 3123, 1),
    (0x00a68c, 3126, 1),
    (0x00a68e, 3129, 1),
    (0x00a690, 3132, 1),
    (0x00a692, 3135, 1),
    (0x00a694, 3138, 1),
    (0x00a696, 3141, 1),
    (0x00a698, 3144, 1),
    (0x00a69a, 3147, 1),
    (0x00a722, 3150, 1),
    (0x00a724, 3153, 1),
    (0x00a726, 3156, 1),
    (0x00a728, 3159, 1),
    (0x00a72a, 3162, 1),
    (0x00a72c, 3165, 1),
    (0x00a72e, 3168, 1),
    (0x00a732, 3171, 1),
    (0x00a734, 3174, 1),
    (0x00a736, 3177, 1),
    (0x00a738, 3180, 1),
    (0x00a73a, 3183, 1),
    (0x00a73c, 3186, 1),
    (0x00a73e, 3189, 1),
    (0x00a740, 3192, 1),
    (0x00a742, 3195, 1),
    (0x00a744, 3198, 1),
    (0x00a746, 3201, 1),
    (0x00a748, 3204, 1),
    (0x00a74a, 3207, 1),
    (0x00a74c, 3210, 1),
    (0x00a74e, 3213, 1),
    (0x00a750, 3216, 1),
    (0x00a752, 3219, 1),
    (0x00a754, 3222, 1),
    (0x00a756, 3225, 1),
    (0x00a758, 3228, 1),
    (0x00a75a, 3231, 1),
    (0x00a75c, 3234, 1),
    (0x00a75e, 3237, 1),
    (0x00a760, 3240, 1),
    (0x00a762, 3243, 1),
    (0x00a764, 3246, 1),
    (0x00a766, 3249, 1),
    (0x00a768, 3252, 1),
    (0x00a76a, 3255, 1),
    (0x00a76c, 3258, 1),
    (0x00a76e, 3261, 1),
    (0x00a779, 3264, 1),
    (0x00a77b, 3267, 1),
    (0x00a77d, 1873, 1),
    (0x00a77e, 3270, 1),
    (0x00a780, 3273, 1),
    (0x00a782, 3276, 1),
    (0x00a784, 3279, 1),
    (0x00a786, 3282, 1),
    (0x00a78b, 3285, 1),
    (0x00a78d, 649, 1),
    (0x00a790, 3288, 1),
    (0x00a792, 3291, 1),
    (0x00a796, 3297, 1),
    (0x00a798, 3300, 1),
    (0x00a79a, 3303, 1),
    (0x00a79c, 3306, 1),
    (0x00a79e, 3309, 1),
    (0x00a7a0, 3312, 1),
    (0x00a7a2, 3315, 1),
    (0x00a7a4, 3318, 1),
    (0x00a7a6, 3321, 1),
    (0x00a7a8, 3324, 1),
    (0x00a7aa, 652, 1),
    (0x00a7ab, 634, 1),
    (0x00a7ac, 640, 1),
    (0x00a7ad, 667, 1),
    (0x00a7ae, 661, 1),
    (0x00a7b0, 724, 1),
    (0x00a7b1, 700, 1),
    (0x00a7b2, 721, 1),
    (0x00a7b3, 3390, 1),
    (0x00a7b4, 3327, 1),
    (0x00a7b6, 3330, 1),
    (0x00a7b8, 3333, 1),
    (0x00a7ba, 3336, 1),
    (0x00a7bc, 3339, 1),
    (0x00a7be, 3342, 1),
    (0x00a7c0, 3345, 1),
    (0x00a7c2, 3348, 1),
    (0x00a7c4, 3294, 1),
    (0x00a7c5, 694, 1),
    (0x00a7c6, 1879, 1),
    (0x00a7c7, 3351, 1),
    (0x00a7c9, 3354, 1),
    (0x00a7cb, 646, 1),
    (0x00a7cc, 3357, 1),
    (0x00a7ce, 3360, 1),
    (0x00a7d0, 3363, 1),
    (0x00a7d2, 3366, 1),
    (0x00a7d4, 3369, 1),
    (0x00a7d6, 3372, 1),
    (0x00a7d8, 3375, 1),
    (0x00a7da, 3378, 1),
    (0x00a7dc, 381, 1),
    (0x00a7dd, 682, 1),
    (0x00a7e2, 685, 1),
    (0x00a7f5, 3381, 1),
    (0x00ab6c, 3384, 1),
    (0x00ab6d, 3387, 1),
    (0x00ab70, 1612, 1),
    (0x00ab71, 1615, 1),
    (0x00ab72, 1618, 1),
    (0x00ab73, 1621, 1),
    (0x00ab74, 1624, 1),
    (0x00ab75, 1627, 1),
    (0x00ab76, 1630, 1),
    (0x00ab77, 1633, 1),
    (0x00ab78, 1636, 1),
    (0x00ab79, 1639, 1),
    (0x00ab7a, 1642, 1),
    (0x00ab7b, 1645, 1),
    (0x00ab7c, 1648, 1),
    (0x00ab7d, 1651, 1),
    (0x00ab7e, 1654, 1),
    (0x00ab7f, 1657, 1),
    (0x00ab80, 1660, 1),
    (0x00ab81, 1663, 1),
    (0x00ab82, 1666, 1),
    (0x00ab83, 1669, 1),
    (0x00ab84, 1672, 1),
    (0x00ab85, 1675, 1),
    (0x00ab86, 1678, 1),
    (0x00ab87, 1681, 1),
    (0x00ab88, 1684, 1),
    (0x00ab89, 1687, 1),
    (0x00ab8a, 1690, 1),
    (0x00ab8b, 1693, 1),
    (0x00ab8c, 1696, 1),
    (0x00ab8d, 1699, 1),
    (0x00ab8e, 1702, 1),
    (0x00ab8f, 1705, 1),
    (0x00ab90, 1708, 1),
    (0x00ab91, 1711, 1),
    (0x00ab92, 1714, 1),
    (0x00ab93, 1717, 1),
    (0x00ab94, 1720, 1),
    (0x00ab95, 1723, 1),
    (0x00ab96, 1726, 1),
    (0x00ab97, 1729, 1),
    (0x00ab98, 1732, 1),
    (0x00ab99, 1735, 1),
    (0x00ab9a, 1738, 1),
    (0x00ab9b, 1741, 1),
    (0x00ab9c, 1744, 1),
    (0x00ab9d, 1747, 1),
    (0x00ab9e, 1750, 1),
    (0x00ab9f, 1753, 1),
    (0x00aba0, 1756, 1),
    (0x00aba1, 1759, 1),
    (0x00aba2, 1762, 1),
    (0x00aba3, 1765, 1),
    (0x00aba4, 1768, 1),
    (0x00aba5, 1771, 1),
    (0x00aba6, 1774, 1),
    (0x00aba7, 1777, 1),
    (0x00aba8, 1780, 1),
    (0x00aba9, 1783, 1),
    (0x00abaa, 1786, 1),
    (0x00abab, 1789, 1),
    (0x00abac, 1792, 1),
    (0x00abad, 1795, 1),
    (0x00abae, 1798, 1),
    (0x00abaf, 1801, 1),
    (0x00abb0, 1804, 1),
    (0x00abb1, 1807, 1),
    (0x00abb2, 1810, 1),
    (0x00abb3, 1813, 1),
    (0x00abb4, 1816, 1),
    (0x00abb5, 1819, 1),
    (0x00abb6, 1822, 1),
    (0x00abb7, 1825, 1),
    (0x00abb8, 1828, 1),
    (0x00abb9, 1831, 1),
    (0x00abba, 1834, 1),
    (0x00abbb, 1837, 1),
    (0x00abbc, 1840, 1),
    (0x00abbd, 1843, 1),
    (0x00abbe, 1846, 1),
    (0x00abbf, 1849, 1),
    (0x00fb00, 4, 2),
    (0x00fb01, 8, 2),
    (0x00fb02, 12, 2),
    (0x00fb03, 0, 3),
    (0x00fb04, 5, 3),
    (0x00fb05, 30, 2),
    (0x00fb06, 30, 2),
    (0x00fb13, 122, 2),
    (0x00fb14, 110, 2),
    (0x00fb15, 114, 2),
    (0x00fb16, 126, 2),
    (0x00fb17, 118, 2),
    (0x00ff21, 3393, 1),
    (0x00ff22, 3396, 1),
    (0x00ff23, 3399, 1),
    (0x00ff24, 3402, 1),
    (0x00ff25, 3405, 1),
    (0x00ff26, 3408, 1),
    (0x00ff27, 3411, 1),
    (0x00ff28, 3414, 1),
    (0x00ff29, 3417, 1),
    (0x00ff2a, 3420, 1),
    (0x00ff2b, 3423, 1),
    (0x00ff2c, 3426, 1),
    (0x00ff2d, 3429, 1),
    (0x00ff2e, 3432, 1),
    (0x00ff2f, 3435, 1),
    (0x00ff30, 3438, 1),
    (0x00ff31, 3441, 1),
    (0x00ff32, 3444, 1),
    (0x00ff33, 3447, 1),
    (0x00ff34, 3450, 1),
    (0x00ff35, 3453, 1),
    (0x00ff36, 3456, 1),
    (0x00ff37, 3459, 1),
    (0x00ff38, 3462, 1),
    (0x00ff39, 3465, 1),
    (0x00ff3a, 3468, 1),
    (0x010400, 3471, 1),
    (0x010401, 3474, 1),
    (0x010402, 3477, 1),
    (0x010403, 3480, 1),
    (0x010404, 3483, 1),
    (0x010405, 3486, 1),
    (0x010406, 3489, 1),
    (0x010407, 3492, 1),
    (0x010408, 3495, 1),
    (0x010409, 3498, 1),
    (0x01040a, 3501, 1),
    (0x01040b, 3504, 1),
    (0x01040c, 3507, 1),
    (0x01040d, 3510, 1),
    (0x01040e, 3513, 1),
    (0x01040f, 3516, 1),
    (0x010410, 3519, 1),
    (0x010411, 3522, 1),
    (0x010412, 3525, 1),
    (0x010413, 3528, 1),
    (0x010414, 3531, 1),
    (0x010415, 3534, 1),
    (0x010416, 3537, 1),
    (0x010417, 3540, 1),
    (0x010418, 3543, 1),
    (0x010419, 3546, 1),
    (0x01041a, 3549, 1),
    (0x01041b, 3552, 1),
    (0x01041c, 3555, 1),
    (0x01041d, 3558, 1),
    (0x01041e, 3561, 1),
    (0x01041f, 3564, 1),
    (0x010420, 3567, 1),
    (0x010421, 3570, 1),
    (0x010422, 3573, 1),
    (0x010423, 3576, 1),
    (0x010424, 3579, 1),
    (0x010425, 3582, 1),
    (0x010426, 3585, 1),
    (0x010427, 3588, 1),
    (0x0104b0, 3591, 1),
    (0x0104b1, 3594, 1),
    (0x0104b2, 3597, 1),
    (0x0104b3, 3600, 1),
    (0x0104b4, 3603, 1),
    (0x0104b5, 3606, 1),
    (0x0104b6, 3609, 1),
    (0x0104b7, 3612, 1),
    (0x0104b8, 3615, 1),
    (0x0104b9, 3618, 1),
    (0x0104ba, 3621, 1),
    (0x0104bb, 3624, 1),
    (0x0104bc, 3627, 1),
    (0x0104bd, 3630, 1),
    (0x0104be, 3633, 1),
    (0x0104bf, 3636, 1),
    (0x0104c0, 3639, 1),
    (0x0104c1, 3642, 1),
    (0x0104c2, 3645, 1),
    (0x0104c3, 3648, 1),
    (0x0104c4, 3651, 1),
    (0x0104c5, 3654, 1),
    (0x0104c6, 3657, 1),
    (0x0104c7, 3660, 1),
    (0x0104c8, 3663, 1),
    (0x0104c9, 3666, 1),
    (0x0104ca, 3669, 1),
    (0x0104cb, 3672, 1),
    (0x0104cc, 3675, 1),
    (0x0104cd, 3678, 1),
    (0x0104ce, 3681, 1),
    (0x0104cf, 3684, 1),
    (0x0104d0, 3687, 1),
    (0x0104d1, 3690, 1),
    (0x0104d2, 3693, 1),
    (0x0104d3, 3696, 1),
    (0x010570, 3699, 1),
    (0x010571, 3702, 1),
    (0x010572, 3705, 1),
    (0x010573, 3708, 1),
    (0x010574, 3711, 1),
    (0x010575, 3714, 1),
    (0x010576, 3717, 1),
    (0x010577, 3720, 1),
    (0x010578, 3723, 1),
    (0x010579, 3726, 1),
    (0x01057a, 3729, 1),
    (0x01057c, 3732, 1),
    (0x01057d, 3735, 1),
    (0x01057e, 3738, 1),
    (0x01057f, 3741, 1),
    (0x010580, 3744, 1),
    (0x010581, 3747, 1),
    (0x010582, 3750, 1),
    (0x010583, 3753, 1),
    (0x010584, 3756, 1),
    (0x010585, 3759, 1),
    (0x010586, 3762, 1),
    (0x010587, 3765, 1),
    (0x010588, 3768, 1),
    (0x010589, 3771, 1),
    (0x01058a, 3774, 1),
    (0x01058c, 3777, 1),
    (0x01058d, 3780, 1),
    (0x01058e, 3783, 1),
    (0x01058f, 3786, 1),
    (0x010590, 3789, 1),
    (0x010591, 3792, 1),
    (0x010592, 3795, 1),
    (0x010594, 3798, 1),
    (0x010595, 3801, 1),
    (0x010c80, 3804, 1),
    (0x010c81, 3807, 1),
    (0x010c82, 3810, 1),
    (0x010c83, 3813, 1),
    (0x010c84, 3816, 1),
    (0x010c85, 3819, 1),
    (0x010c86, 3822, 1),
    (0x010c87, 3825, 1),
    (0x010c88, 3828, 1),
    (0x010c89, 3831, 1),
    (0x010c8a, 3834, 1),
    (0x010c8b, 3837, 1),
    (0x010c8c, 3840, 1),
    (0x010c8d, 3843, 1),
    (0x010c8e, 3846, 1),
    (0x010c8f, 3849, 1),
    (0x010c90, 3852, 1),
    (0x010c91, 3855, 1),
    (0x010c92, 3858, 1),
    (0x010c93, 3861, 1),
    (0x010c94, 3864, 1),
    (0x010c95, 3867, 1),
    (0x010c96, 3870, 1),
    (0x010c97, 3873, 1),
    (0x010c98, 3876, 1),
    (0x010c99, 3879, 1),
    (0x010c9a, 3882, 1),
    (0x010c9b, 3885, 1),
    (0x010c9c, 3888, 1),
    (0x010c9d, 3891, 1),
    (0x010c9e, 3894, 1),
    (0x010c9f, 3897, 1),
    (0x010ca0, 3900, 1),
    (0x010ca1, 3903, 1),
    (0x010ca2, 3906, 1),
    (0x010ca3, 3909, 1),
    (0x010ca4, 3912, 1),
    (0x010ca5, 3915, 1),
    (0x010ca6, 3918, 1),
    (0x010ca7, 3921, 1),
    (0x010ca8, 3924, 1),
    (0x010ca9, 3927, 1),
    (0x010caa, 3930, 1),
    (0x010cab, 3933, 1),
    (0x010cac, 3936, 1),
    (0x010cad, 3939, 1),
    (0x010cae, 3942, 1),
    (0x010caf, 3945, 1),
    (0x010cb0, 3948, 1),
    (0x010cb1, 3951, 1),
    (0x010cb2, 3954, 1),
    (0x010d50, 3957, 1),
    (0x010d51, 3960, 1),
    (0x010d52, 3963, 1),
    (0x010d53, 3966, 1),
    (0x010d54, 3969, 1),
    (0x010d55, 3972, 1),
    (0x010d56, 3975, 1),
    (0x010d57, 3978, 1),
    (0x010d58, 3981, 1),
    (0x010d59, 3984, 1),
    (0x010d5a, 3987, 1),
    (0x010d5b, 3990, 1),
    (0x010d5c, 3993, 1),
    (0x010d5d, 3996, 1),
    (0x010d5e, 3999, 1),
    (0x010d5f, 4002, 1),
    (0x010d60, 4005, 1),
    (0x010d61, 4008, 1),
    (0x010d62, 4011, 1),
    (0x010d63, 4014, 1),
    (0x010d64, 4017, 1),
    (0x010d65, 4020, 1),
    (0x0118a0, 4023, 1),
    (0x0118a1, 4026, 1),
    (0x0118a2, 4029, 1),
    (0x0118a3, 4032, 1),
    (0x0118a4, 4035, 1),
    (0x0118a5, 4038, 1),
    (0x0118a6, 4041, 1),
    (0x0118a7, 4044, 1),
    (0x0118a8, 4047, 1),
    (0x0118a9, 4050, 1),
    (0x0118aa, 4053, 1),
    (0x0118ab, 4056, 1),
    (0x0118ac, 4059, 1),
    (0x0118ad, 4062, 1),
    (0x0118ae, 4065, 1),
    (0x0118af, 4068, 1),
    (0x0118b0, 4071, 1),
    (0x0118b1, 4074, 1),
    (0x0118b2, 4077, 1),
    (0x0118b3, 4080, 1),
    (0x0118b4, 4083, 1),
    (0x0118b5, 4086, 1),
    (0x0118b6, 4089, 1),
    (0x0118b7, 4092, 1),
    (0x0118b8, 4095, 1),
    (0x0118b9, 4098, 1),
    (0x0118ba, 4101, 1),
    (0x0118bb, 4104, 1),
    (0x0118bc, 4107, 1),
    (0x0118bd, 4110, 1),
    (0x0118be, 4113, 1),
    (0x0118bf, 4116, 1),
    (0x016e40, 4119, 1),
    (0x016e41, 4122, 1),
    (0x016e42, 4125, 1),
    (0x016e43, 4128, 1),
    (0x016e44, 4131, 1),
    (0x016e45, 4134, 1),
    (0x016e46, 4137, 1),
    (0x016e47, 4140, 1),
    (0x016e48, 4143, 1),
    (0x016e49, 4146, 1),
    (0x016e4a, 4149, 1),
    (0x016e4b, 4152, 1),
    (0x016e4c, 4155, 1),
    (0x016e4d, 4158, 1),
    (0x016e4e, 4161, 1),
    (0x016e4f, 4164, 1),
    (0x016e50, 4167, 1),
    (0x016e51, 4170, 1),
    (0x016e52, 4173, 1),
    (0x016e53, 4176, 1),
    (0x016e54, 4179, 1),
    (0x016e55, 4182, 1),
    (0x016e56, 4185, 1),
    (0x016e57, 4188, 1),
    (0x016e58, 4191, 1),
    (0x016e59, 4194, 1),
    (0x016e5a, 4197, 1),
    (0x016e5b, 4200, 1),
    (0x016e5c, 4203, 1),
    (0x016e5d, 4206, 1),
    (0x016e5e, 4209, 1),
    (0x016e5f, 4212, 1),
    (0x016ea0, 4215, 1),
    (0x016ea1, 4218, 1),
    (0x016ea2, 4221, 1),
    (0x016ea3, 4224, 1),
    (0x016ea4, 4227, 1),
    (0x016ea5, 4230, 1),
    (0x016ea6, 4233, 1),
    (0x016ea7, 4236, 1),
    (0x016ea8, 4239, 1),
    (0x016ea9, 4242, 1),
    (0x016eaa, 4245, 1),
    (0x016eab, 4248, 1),
    (0x016eac, 4251, 1),
    (0x016ead, 4254, 1),
    (0x016eae, 4257, 1),
    (0x016eaf, 4260, 1),
    (0x016eb0, 4263, 1),
    (0x016eb1, 4266, 1),
    (0x016eb2, 4269, 1),
    (0x016eb3, 4272, 1),
    (0x016eb4, 4275, 1),
    (0x016eb5, 4278, 1),
    (0x016eb6, 4281, 1),
    (0x016eb7, 4284, 1),
    (0x016eb8, 4287, 1),
    (0x01df40, 4290, 1),
    (0x01df48, 4293, 1),
    (0x01df4a, 4296, 1),
    (0x01df4d, 4299, 1),
    (0x01df51, 4302, 1),
    (0x01df68, 4305, 1),
    (0x01df6a, 4308, 1),
    (0x01df6c, 4311, 1),
    (0x01df6e, 4314, 1),
    (0x01df72, 4317, 1),
    (0x01df74, 4320, 1),
    (0x01df76, 4323, 1),
    (0x01df78, 4326, 1),
    (0x01df7a, 4329, 1),
    (0x01df7c, 4332, 1),
    (0x01df7e, 4335, 1),
    (0x01df95, 24, 2),
    (0x01e900, 4338, 1),
    (0x01e901, 4341, 1),
    (0x01e902, 4344, 1),
    (0x01e903, 4347, 1),
    (0x01e904, 4350, 1),
    (0x01e905, 4353, 1),
    (0x01e906, 4356, 1),
    (0x01e907, 4359, 1),
    (0x01e908, 4362, 1),
    (0x01e909, 4365, 1),
    (0x01e90a, 4368, 1),
    (0x01e90b, 4371, 1),
    (0x01e90c, 4374, 1),
    (0x01e90d, 4377, 1),
    (0x01e90e, 4380, 1),
    (0x01e90f, 4383, 1),
    (0x01e910, 4386, 1),
    (0x01e911, 4389, 1),
    (0x01e912, 4392, 1),
    (0x01e913, 4395, 1),
    (0x01e914, 4398, 1),
    (0x01e915, 4401, 1),
    (0x01e916, 4404, 1),
    (0x01e917, 4407, 1),
    (0x01e918, 4410, 1),
    (0x01e919, 4413, 1),
    (0x01e91a, 4416, 1),
    (0x01e91b, 4419, 1),
    (0x01e91c, 4422, 1),
    (0x01e91d, 4425, 1),
    (0x01e91e, 4428, 1),
    (0x01e91f, 4431, 1),
    (0x01e920, 4434, 1),
    (0x01e921, 4437, 1),
];
